firstName,lastName,email,username,password
Usertest_1,SurnameTest_1,Usertest_1@loadtest.com,usertest1,P@ssw0rdforTest
Usertest_2,SurnameTest_2,Usertest_2@loadtest.com,usertest2,P@ssw0rdforTest
Usertest_3,SurnameTest_3,Usertest_3@loadtest.com,usertest3,P@ssw0rdforTest
Usertest_4,SurnameTest_4,Usertest_4@loadtest.com,usertest4,P@ssw0rdforTest
Usertest_5,SurnameTest_5,Usertest_5@loadtest.com,usertest5,P@ssw0rdforTest
Usertest_6,SurnameTest_6,Usertest_6@loadtest.com,usertest6,P@ssw0rdforTest
Usertest_7,SurnameTest_7,Usertest_7@loadtest.com,usertest7,P@ssw0rdforTest
Usertest_8,SurnameTest_8,Usertest_8@loadtest.com,usertest8,P@ssw0rdforTest
Usertest_9,SurnameTest_9,Usertest_9@loadtest.com,usertest9,P@ssw0rdforTest
Usertest_10,SurnameTest_10,Usertest_10@loadtest.com,usertest10,P@ssw0rdforTest
Usertest_11,SurnameTest_11,Usertest_11@loadtest.com,usertest11,P@ssw0rdforTest
Usertest_12,SurnameTest_12,Usertest_12@loadtest.com,usertest12,P@ssw0rdforTest
Usertest_13,SurnameTest_13,Usertest_13@loadtest.com,usertest13,P@ssw0rdforTest
Usertest_14,SurnameTest_14,Usertest_14@loadtest.com,usertest14,P@ssw0rdforTest
Usertest_15,SurnameTest_15,Usertest_15@loadtest.com,usertest15,P@ssw0rdforTest
Usertest_16,SurnameTest_16,Usertest_16@loadtest.com,usertest16,P@ssw0rdforTest
Usertest_17,SurnameTest_17,Usertest_17@loadtest.com,usertest17,P@ssw0rdforTest
Usertest_18,SurnameTest_18,Usertest_18@loadtest.com,usertest18,P@ssw0rdforTest
Usertest_19,SurnameTest_19,Usertest_19@loadtest.com,usertest19,P@ssw0rdforTest
Usertest_20,SurnameTest_20,Usertest_20@loadtest.com,usertest20,P@ssw0rdforTest
Usertest_21,SurnameTest_21,Usertest_21@loadtest.com,usertest21,P@ssw0rdforTest
Usertest_22,SurnameTest_22,Usertest_22@loadtest.com,usertest22,P@ssw0rdforTest
Usertest_23,SurnameTest_23,Usertest_23@loadtest.com,usertest23,P@ssw0rdforTest
Usertest_24,SurnameTest_24,Usertest_24@loadtest.com,usertest24,P@ssw0rdforTest
Usertest_25,SurnameTest_25,Usertest_25@loadtest.com,usertest25,P@ssw0rdforTest
Usertest_26,SurnameTest_26,Usertest_26@loadtest.com,usertest26,P@ssw0rdforTest
Usertest_27,SurnameTest_27,Usertest_27@loadtest.com,usertest27,P@ssw0rdforTest
Usertest_28,SurnameTest_28,Usertest_28@loadtest.com,usertest28,P@ssw0rdforTest
Usertest_29,SurnameTest_29,Usertest_29@loadtest.com,usertest29,P@ssw0rdforTest
Usertest_30,SurnameTest_30,Usertest_30@loadtest.com,usertest30,P@ssw0rdforTest
Usertest_31,SurnameTest_31,Usertest_31@loadtest.com,usertest31,P@ssw0rdforTest
Usertest_32,SurnameTest_32,Usertest_32@loadtest.com,usertest32,P@ssw0rdforTest
Usertest_33,SurnameTest_33,Usertest_33@loadtest.com,usertest33,P@ssw0rdforTest
Usertest_34,SurnameTest_34,Usertest_34@loadtest.com,usertest34,P@ssw0rdforTest
Usertest_35,SurnameTest_35,Usertest_35@loadtest.com,usertest35,P@ssw0rdforTest
Usertest_36,SurnameTest_36,Usertest_36@loadtest.com,usertest36,P@ssw0rdforTest
Usertest_37,SurnameTest_37,Usertest_37@loadtest.com,usertest37,P@ssw0rdforTest
Usertest_38,SurnameTest_38,Usertest_38@loadtest.com,usertest38,P@ssw0rdforTest
Usertest_39,SurnameTest_39,Usertest_39@loadtest.com,usertest39,P@ssw0rdforTest
Usertest_40,SurnameTest_40,Usertest_40@loadtest.com,usertest40,P@ssw0rdforTest
Usertest_41,SurnameTest_41,Usertest_41@loadtest.com,usertest41,P@ssw0rdforTest
Usertest_42,SurnameTest_42,Usertest_42@loadtest.com,usertest42,P@ssw0rdforTest
Usertest_43,SurnameTest_43,Usertest_43@loadtest.com,usertest43,P@ssw0rdforTest
Usertest_44,SurnameTest_44,Usertest_44@loadtest.com,usertest44,P@ssw0rdforTest
Usertest_45,SurnameTest_45,Usertest_45@loadtest.com,usertest45,P@ssw0rdforTest
Usertest_46,SurnameTest_46,Usertest_46@loadtest.com,usertest46,P@ssw0rdforTest
Usertest_47,SurnameTest_47,Usertest_47@loadtest.com,usertest47,P@ssw0rdforTest
Usertest_48,SurnameTest_48,Usertest_48@loadtest.com,usertest48,P@ssw0rdforTest
Usertest_49,SurnameTest_49,Usertest_49@loadtest.com,usertest49,P@ssw0rdforTest
Usertest_50,SurnameTest_50,Usertest_50@loadtest.com,usertest50,P@ssw0rdforTest
Usertest_51,SurnameTest_51,Usertest_51@loadtest.com,usertest51,P@ssw0rdforTest
Usertest_52,SurnameTest_52,Usertest_52@loadtest.com,usertest52,P@ssw0rdforTest
Usertest_53,SurnameTest_53,Usertest_53@loadtest.com,usertest53,P@ssw0rdforTest
Usertest_54,SurnameTest_54,Usertest_54@loadtest.com,usertest54,P@ssw0rdforTest
Usertest_55,SurnameTest_55,Usertest_55@loadtest.com,usertest55,P@ssw0rdforTest
Usertest_56,SurnameTest_56,Usertest_56@loadtest.com,usertest56,P@ssw0rdforTest
Usertest_57,SurnameTest_57,Usertest_57@loadtest.com,usertest57,P@ssw0rdforTest
Usertest_58,SurnameTest_58,Usertest_58@loadtest.com,usertest58,P@ssw0rdforTest
Usertest_59,SurnameTest_59,Usertest_59@loadtest.com,usertest59,P@ssw0rdforTest
Usertest_60,SurnameTest_60,Usertest_60@loadtest.com,usertest60,P@ssw0rdforTest
Usertest_61,SurnameTest_61,Usertest_61@loadtest.com,usertest61,P@ssw0rdforTest
Usertest_62,SurnameTest_62,Usertest_62@loadtest.com,usertest62,P@ssw0rdforTest
Usertest_63,SurnameTest_63,Usertest_63@loadtest.com,usertest63,P@ssw0rdforTest
Usertest_64,SurnameTest_64,Usertest_64@loadtest.com,usertest64,P@ssw0rdforTest
Usertest_65,SurnameTest_65,Usertest_65@loadtest.com,usertest65,P@ssw0rdforTest
Usertest_66,SurnameTest_66,Usertest_66@loadtest.com,usertest66,P@ssw0rdforTest
Usertest_67,SurnameTest_67,Usertest_67@loadtest.com,usertest67,P@ssw0rdforTest
Usertest_68,SurnameTest_68,Usertest_68@loadtest.com,usertest68,P@ssw0rdforTest
Usertest_69,SurnameTest_69,Usertest_69@loadtest.com,usertest69,P@ssw0rdforTest
Usertest_70,SurnameTest_70,Usertest_70@loadtest.com,usertest70,P@ssw0rdforTest
Usertest_71,SurnameTest_71,Usertest_71@loadtest.com,usertest71,P@ssw0rdforTest
Usertest_72,SurnameTest_72,Usertest_72@loadtest.com,usertest72,P@ssw0rdforTest
Usertest_73,SurnameTest_73,Usertest_73@loadtest.com,usertest73,P@ssw0rdforTest
Usertest_74,SurnameTest_74,Usertest_74@loadtest.com,usertest74,P@ssw0rdforTest
Usertest_75,SurnameTest_75,Usertest_75@loadtest.com,usertest75,P@ssw0rdforTest
Usertest_76,SurnameTest_76,Usertest_76@loadtest.com,usertest76,P@ssw0rdforTest
Usertest_77,SurnameTest_77,Usertest_77@loadtest.com,usertest77,P@ssw0rdforTest
Usertest_78,SurnameTest_78,Usertest_78@loadtest.com,usertest78,P@ssw0rdforTest
Usertest_79,SurnameTest_79,Usertest_79@loadtest.com,usertest79,P@ssw0rdforTest
Usertest_80,SurnameTest_80,Usertest_80@loadtest.com,usertest80,P@ssw0rdforTest
Usertest_81,SurnameTest_81,Usertest_81@loadtest.com,usertest81,P@ssw0rdforTest
Usertest_82,SurnameTest_82,Usertest_82@loadtest.com,usertest82,P@ssw0rdforTest
Usertest_83,SurnameTest_83,Usertest_83@loadtest.com,usertest83,P@ssw0rdforTest
Usertest_84,SurnameTest_84,Usertest_84@loadtest.com,usertest84,P@ssw0rdforTest
Usertest_85,SurnameTest_85,Usertest_85@loadtest.com,usertest85,P@ssw0rdforTest
Usertest_86,SurnameTest_86,Usertest_86@loadtest.com,usertest86,P@ssw0rdforTest
Usertest_87,SurnameTest_87,Usertest_87@loadtest.com,usertest87,P@ssw0rdforTest
Usertest_88,SurnameTest_88,Usertest_88@loadtest.com,usertest88,P@ssw0rdforTest
Usertest_89,SurnameTest_89,Usertest_89@loadtest.com,usertest89,P@ssw0rdforTest
Usertest_90,SurnameTest_90,Usertest_90@loadtest.com,usertest90,P@ssw0rdforTest
Usertest_91,SurnameTest_91,Usertest_91@loadtest.com,usertest91,P@ssw0rdforTest
Usertest_92,SurnameTest_92,Usertest_92@loadtest.com,usertest92,P@ssw0rdforTest
Usertest_93,SurnameTest_93,Usertest_93@loadtest.com,usertest93,P@ssw0rdforTest
Usertest_94,SurnameTest_94,Usertest_94@loadtest.com,usertest94,P@ssw0rdforTest
Usertest_95,SurnameTest_95,Usertest_95@loadtest.com,usertest95,P@ssw0rdforTest
Usertest_96,SurnameTest_96,Usertest_96@loadtest.com,usertest96,P@ssw0rdforTest
Usertest_97,SurnameTest_97,Usertest_97@loadtest.com,usertest97,P@ssw0rdforTest
Usertest_98,SurnameTest_98,Usertest_98@loadtest.com,usertest98,P@ssw0rdforTest
Usertest_99,SurnameTest_99,Usertest_99@loadtest.com,usertest99,P@ssw0rdforTest
Usertest_100,SurnameTest_100,Usertest_100@loadtest.com,usertest100,P@ssw0rdforTest
Usertest_101,SurnameTest_101,Usertest_101@loadtest.com,usertest101,P@ssw0rdforTest
Usertest_102,SurnameTest_102,Usertest_102@loadtest.com,usertest102,P@ssw0rdforTest
Usertest_103,SurnameTest_103,Usertest_103@loadtest.com,usertest103,P@ssw0rdforTest
Usertest_104,SurnameTest_104,Usertest_104@loadtest.com,usertest104,P@ssw0rdforTest
Usertest_105,SurnameTest_105,Usertest_105@loadtest.com,usertest105,P@ssw0rdforTest
Usertest_106,SurnameTest_106,Usertest_106@loadtest.com,usertest106,P@ssw0rdforTest
Usertest_107,SurnameTest_107,Usertest_107@loadtest.com,usertest107,P@ssw0rdforTest
Usertest_108,SurnameTest_108,Usertest_108@loadtest.com,usertest108,P@ssw0rdforTest
Usertest_109,SurnameTest_109,Usertest_109@loadtest.com,usertest109,P@ssw0rdforTest
Usertest_110,SurnameTest_110,Usertest_110@loadtest.com,usertest110,P@ssw0rdforTest
Usertest_111,SurnameTest_111,Usertest_111@loadtest.com,usertest111,P@ssw0rdforTest
Usertest_112,SurnameTest_112,Usertest_112@loadtest.com,usertest112,P@ssw0rdforTest
Usertest_113,SurnameTest_113,Usertest_113@loadtest.com,usertest113,P@ssw0rdforTest
Usertest_114,SurnameTest_114,Usertest_114@loadtest.com,usertest114,P@ssw0rdforTest
Usertest_115,SurnameTest_115,Usertest_115@loadtest.com,usertest115,P@ssw0rdforTest
Usertest_116,SurnameTest_116,Usertest_116@loadtest.com,usertest116,P@ssw0rdforTest
Usertest_117,SurnameTest_117,Usertest_117@loadtest.com,usertest117,P@ssw0rdforTest
Usertest_118,SurnameTest_118,Usertest_118@loadtest.com,usertest118,P@ssw0rdforTest
Usertest_119,SurnameTest_119,Usertest_119@loadtest.com,usertest119,P@ssw0rdforTest
Usertest_120,SurnameTest_120,Usertest_120@loadtest.com,usertest120,P@ssw0rdforTest
Usertest_121,SurnameTest_121,Usertest_121@loadtest.com,usertest121,P@ssw0rdforTest
Usertest_122,SurnameTest_122,Usertest_122@loadtest.com,usertest122,P@ssw0rdforTest
Usertest_123,SurnameTest_123,Usertest_123@loadtest.com,usertest123,P@ssw0rdforTest
Usertest_124,SurnameTest_124,Usertest_124@loadtest.com,usertest124,P@ssw0rdforTest
Usertest_125,SurnameTest_125,Usertest_125@loadtest.com,usertest125,P@ssw0rdforTest
Usertest_126,SurnameTest_126,Usertest_126@loadtest.com,usertest126,P@ssw0rdforTest
Usertest_127,SurnameTest_127,Usertest_127@loadtest.com,usertest127,P@ssw0rdforTest
Usertest_128,SurnameTest_128,Usertest_128@loadtest.com,usertest128,P@ssw0rdforTest
Usertest_129,SurnameTest_129,Usertest_129@loadtest.com,usertest129,P@ssw0rdforTest
Usertest_130,SurnameTest_130,Usertest_130@loadtest.com,usertest130,P@ssw0rdforTest
Usertest_131,SurnameTest_131,Usertest_131@loadtest.com,usertest131,P@ssw0rdforTest
Usertest_132,SurnameTest_132,Usertest_132@loadtest.com,usertest132,P@ssw0rdforTest
Usertest_133,SurnameTest_133,Usertest_133@loadtest.com,usertest133,P@ssw0rdforTest
Usertest_134,SurnameTest_134,Usertest_134@loadtest.com,usertest134,P@ssw0rdforTest
Usertest_135,SurnameTest_135,Usertest_135@loadtest.com,usertest135,P@ssw0rdforTest
Usertest_136,SurnameTest_136,Usertest_136@loadtest.com,usertest136,P@ssw0rdforTest
Usertest_137,SurnameTest_137,Usertest_137@loadtest.com,usertest137,P@ssw0rdforTest
Usertest_138,SurnameTest_138,Usertest_138@loadtest.com,usertest138,P@ssw0rdforTest
Usertest_139,SurnameTest_139,Usertest_139@loadtest.com,usertest139,P@ssw0rdforTest
Usertest_140,SurnameTest_140,Usertest_140@loadtest.com,usertest140,P@ssw0rdforTest
Usertest_141,SurnameTest_141,Usertest_141@loadtest.com,usertest141,P@ssw0rdforTest
Usertest_142,SurnameTest_142,Usertest_142@loadtest.com,usertest142,P@ssw0rdforTest
Usertest_143,SurnameTest_143,Usertest_143@loadtest.com,usertest143,P@ssw0rdforTest
Usertest_144,SurnameTest_144,Usertest_144@loadtest.com,usertest144,P@ssw0rdforTest
Usertest_145,SurnameTest_145,Usertest_145@loadtest.com,usertest145,P@ssw0rdforTest
Usertest_146,SurnameTest_146,Usertest_146@loadtest.com,usertest146,P@ssw0rdforTest
Usertest_147,SurnameTest_147,Usertest_147@loadtest.com,usertest147,P@ssw0rdforTest
Usertest_148,SurnameTest_148,Usertest_148@loadtest.com,usertest148,P@ssw0rdforTest
Usertest_149,SurnameTest_149,Usertest_149@loadtest.com,usertest149,P@ssw0rdforTest
Usertest_150,SurnameTest_150,Usertest_150@loadtest.com,usertest150,P@ssw0rdforTest
Usertest_151,SurnameTest_151,Usertest_151@loadtest.com,usertest151,P@ssw0rdforTest
Usertest_152,SurnameTest_152,Usertest_152@loadtest.com,usertest152,P@ssw0rdforTest
Usertest_153,SurnameTest_153,Usertest_153@loadtest.com,usertest153,P@ssw0rdforTest
Usertest_154,SurnameTest_154,Usertest_154@loadtest.com,usertest154,P@ssw0rdforTest
Usertest_155,SurnameTest_155,Usertest_155@loadtest.com,usertest155,P@ssw0rdforTest
Usertest_156,SurnameTest_156,Usertest_156@loadtest.com,usertest156,P@ssw0rdforTest
Usertest_157,SurnameTest_157,Usertest_157@loadtest.com,usertest157,P@ssw0rdforTest
Usertest_158,SurnameTest_158,Usertest_158@loadtest.com,usertest158,P@ssw0rdforTest
Usertest_159,SurnameTest_159,Usertest_159@loadtest.com,usertest159,P@ssw0rdforTest
Usertest_160,SurnameTest_160,Usertest_160@loadtest.com,usertest160,P@ssw0rdforTest
Usertest_161,SurnameTest_161,Usertest_161@loadtest.com,usertest161,P@ssw0rdforTest
Usertest_162,SurnameTest_162,Usertest_162@loadtest.com,usertest162,P@ssw0rdforTest
Usertest_163,SurnameTest_163,Usertest_163@loadtest.com,usertest163,P@ssw0rdforTest
Usertest_164,SurnameTest_164,Usertest_164@loadtest.com,usertest164,P@ssw0rdforTest
Usertest_165,SurnameTest_165,Usertest_165@loadtest.com,usertest165,P@ssw0rdforTest
Usertest_166,SurnameTest_166,Usertest_166@loadtest.com,usertest166,P@ssw0rdforTest
Usertest_167,SurnameTest_167,Usertest_167@loadtest.com,usertest167,P@ssw0rdforTest
Usertest_168,SurnameTest_168,Usertest_168@loadtest.com,usertest168,P@ssw0rdforTest
Usertest_169,SurnameTest_169,Usertest_169@loadtest.com,usertest169,P@ssw0rdforTest
Usertest_170,SurnameTest_170,Usertest_170@loadtest.com,usertest170,P@ssw0rdforTest
Usertest_171,SurnameTest_171,Usertest_171@loadtest.com,usertest171,P@ssw0rdforTest
Usertest_172,SurnameTest_172,Usertest_172@loadtest.com,usertest172,P@ssw0rdforTest
Usertest_173,SurnameTest_173,Usertest_173@loadtest.com,usertest173,P@ssw0rdforTest
Usertest_174,SurnameTest_174,Usertest_174@loadtest.com,usertest174,P@ssw0rdforTest
Usertest_175,SurnameTest_175,Usertest_175@loadtest.com,usertest175,P@ssw0rdforTest
Usertest_176,SurnameTest_176,Usertest_176@loadtest.com,usertest176,P@ssw0rdforTest
Usertest_177,SurnameTest_177,Usertest_177@loadtest.com,usertest177,P@ssw0rdforTest
Usertest_178,SurnameTest_178,Usertest_178@loadtest.com,usertest178,P@ssw0rdforTest
Usertest_179,SurnameTest_179,Usertest_179@loadtest.com,usertest179,P@ssw0rdforTest
Usertest_180,SurnameTest_180,Usertest_180@loadtest.com,usertest180,P@ssw0rdforTest
Usertest_181,SurnameTest_181,Usertest_181@loadtest.com,usertest181,P@ssw0rdforTest
Usertest_182,SurnameTest_182,Usertest_182@loadtest.com,usertest182,P@ssw0rdforTest
Usertest_183,SurnameTest_183,Usertest_183@loadtest.com,usertest183,P@ssw0rdforTest
Usertest_184,SurnameTest_184,Usertest_184@loadtest.com,usertest184,P@ssw0rdforTest
Usertest_185,SurnameTest_185,Usertest_185@loadtest.com,usertest185,P@ssw0rdforTest
Usertest_186,SurnameTest_186,Usertest_186@loadtest.com,usertest186,P@ssw0rdforTest
Usertest_187,SurnameTest_187,Usertest_187@loadtest.com,usertest187,P@ssw0rdforTest
Usertest_188,SurnameTest_188,Usertest_188@loadtest.com,usertest188,P@ssw0rdforTest
Usertest_189,SurnameTest_189,Usertest_189@loadtest.com,usertest189,P@ssw0rdforTest
Usertest_190,SurnameTest_190,Usertest_190@loadtest.com,usertest190,P@ssw0rdforTest
Usertest_191,SurnameTest_191,Usertest_191@loadtest.com,usertest191,P@ssw0rdforTest
Usertest_192,SurnameTest_192,Usertest_192@loadtest.com,usertest192,P@ssw0rdforTest
Usertest_193,SurnameTest_193,Usertest_193@loadtest.com,usertest193,P@ssw0rdforTest
Usertest_194,SurnameTest_194,Usertest_194@loadtest.com,usertest194,P@ssw0rdforTest
Usertest_195,SurnameTest_195,Usertest_195@loadtest.com,usertest195,P@ssw0rdforTest
Usertest_196,SurnameTest_196,Usertest_196@loadtest.com,usertest196,P@ssw0rdforTest
Usertest_197,SurnameTest_197,Usertest_197@loadtest.com,usertest197,P@ssw0rdforTest
Usertest_198,SurnameTest_198,Usertest_198@loadtest.com,usertest198,P@ssw0rdforTest
Usertest_199,SurnameTest_199,Usertest_199@loadtest.com,usertest199,P@ssw0rdforTest
Usertest_200,SurnameTest_200,Usertest_200@loadtest.com,usertest200,P@ssw0rdforTest
Usertest_201,SurnameTest_201,Usertest_201@loadtest.com,usertest201,P@ssw0rdforTest
Usertest_202,SurnameTest_202,Usertest_202@loadtest.com,usertest202,P@ssw0rdforTest
Usertest_203,SurnameTest_203,Usertest_203@loadtest.com,usertest203,P@ssw0rdforTest
Usertest_204,SurnameTest_204,Usertest_204@loadtest.com,usertest204,P@ssw0rdforTest
Usertest_205,SurnameTest_205,Usertest_205@loadtest.com,usertest205,P@ssw0rdforTest
Usertest_206,SurnameTest_206,Usertest_206@loadtest.com,usertest206,P@ssw0rdforTest
Usertest_207,SurnameTest_207,Usertest_207@loadtest.com,usertest207,P@ssw0rdforTest
Usertest_208,SurnameTest_208,Usertest_208@loadtest.com,usertest208,P@ssw0rdforTest
Usertest_209,SurnameTest_209,Usertest_209@loadtest.com,usertest209,P@ssw0rdforTest
Usertest_210,SurnameTest_210,Usertest_210@loadtest.com,usertest210,P@ssw0rdforTest
Usertest_211,SurnameTest_211,Usertest_211@loadtest.com,usertest211,P@ssw0rdforTest
Usertest_212,SurnameTest_212,Usertest_212@loadtest.com,usertest212,P@ssw0rdforTest
Usertest_213,SurnameTest_213,Usertest_213@loadtest.com,usertest213,P@ssw0rdforTest
Usertest_214,SurnameTest_214,Usertest_214@loadtest.com,usertest214,P@ssw0rdforTest
Usertest_215,SurnameTest_215,Usertest_215@loadtest.com,usertest215,P@ssw0rdforTest
Usertest_216,SurnameTest_216,Usertest_216@loadtest.com,usertest216,P@ssw0rdforTest
Usertest_217,SurnameTest_217,Usertest_217@loadtest.com,usertest217,P@ssw0rdforTest
Usertest_218,SurnameTest_218,Usertest_218@loadtest.com,usertest218,P@ssw0rdforTest
Usertest_219,SurnameTest_219,Usertest_219@loadtest.com,usertest219,P@ssw0rdforTest
Usertest_220,SurnameTest_220,Usertest_220@loadtest.com,usertest220,P@ssw0rdforTest
Usertest_221,SurnameTest_221,Usertest_221@loadtest.com,usertest221,P@ssw0rdforTest
Usertest_222,SurnameTest_222,Usertest_222@loadtest.com,usertest222,P@ssw0rdforTest
Usertest_223,SurnameTest_223,Usertest_223@loadtest.com,usertest223,P@ssw0rdforTest
Usertest_224,SurnameTest_224,Usertest_224@loadtest.com,usertest224,P@ssw0rdforTest
Usertest_225,SurnameTest_225,Usertest_225@loadtest.com,usertest225,P@ssw0rdforTest
Usertest_226,SurnameTest_226,Usertest_226@loadtest.com,usertest226,P@ssw0rdforTest
Usertest_227,SurnameTest_227,Usertest_227@loadtest.com,usertest227,P@ssw0rdforTest
Usertest_228,SurnameTest_228,Usertest_228@loadtest.com,usertest228,P@ssw0rdforTest
Usertest_229,SurnameTest_229,Usertest_229@loadtest.com,usertest229,P@ssw0rdforTest
Usertest_230,SurnameTest_230,Usertest_230@loadtest.com,usertest230,P@ssw0rdforTest
Usertest_231,SurnameTest_231,Usertest_231@loadtest.com,usertest231,P@ssw0rdforTest
Usertest_232,SurnameTest_232,Usertest_232@loadtest.com,usertest232,P@ssw0rdforTest
Usertest_233,SurnameTest_233,Usertest_233@loadtest.com,usertest233,P@ssw0rdforTest
Usertest_234,SurnameTest_234,Usertest_234@loadtest.com,usertest234,P@ssw0rdforTest
Usertest_235,SurnameTest_235,Usertest_235@loadtest.com,usertest235,P@ssw0rdforTest
Usertest_236,SurnameTest_236,Usertest_236@loadtest.com,usertest236,P@ssw0rdforTest
Usertest_237,SurnameTest_237,Usertest_237@loadtest.com,usertest237,P@ssw0rdforTest
Usertest_238,SurnameTest_238,Usertest_238@loadtest.com,usertest238,P@ssw0rdforTest
Usertest_239,SurnameTest_239,Usertest_239@loadtest.com,usertest239,P@ssw0rdforTest
Usertest_240,SurnameTest_240,Usertest_240@loadtest.com,usertest240,P@ssw0rdforTest
Usertest_241,SurnameTest_241,Usertest_241@loadtest.com,usertest241,P@ssw0rdforTest
Usertest_242,SurnameTest_242,Usertest_242@loadtest.com,usertest242,P@ssw0rdforTest
Usertest_243,SurnameTest_243,Usertest_243@loadtest.com,usertest243,P@ssw0rdforTest
Usertest_244,SurnameTest_244,Usertest_244@loadtest.com,usertest244,P@ssw0rdforTest
Usertest_245,SurnameTest_245,Usertest_245@loadtest.com,usertest245,P@ssw0rdforTest
Usertest_246,SurnameTest_246,Usertest_246@loadtest.com,usertest246,P@ssw0rdforTest
Usertest_247,SurnameTest_247,Usertest_247@loadtest.com,usertest247,P@ssw0rdforTest
Usertest_248,SurnameTest_248,Usertest_248@loadtest.com,usertest248,P@ssw0rdforTest
Usertest_249,SurnameTest_249,Usertest_249@loadtest.com,usertest249,P@ssw0rdforTest
Usertest_250,SurnameTest_250,Usertest_250@loadtest.com,usertest250,P@ssw0rdforTest
Usertest_251,SurnameTest_251,Usertest_251@loadtest.com,usertest251,P@ssw0rdforTest
Usertest_252,SurnameTest_252,Usertest_252@loadtest.com,usertest252,P@ssw0rdforTest
Usertest_253,SurnameTest_253,Usertest_253@loadtest.com,usertest253,P@ssw0rdforTest
Usertest_254,SurnameTest_254,Usertest_254@loadtest.com,usertest254,P@ssw0rdforTest
Usertest_255,SurnameTest_255,Usertest_255@loadtest.com,usertest255,P@ssw0rdforTest
Usertest_256,SurnameTest_256,Usertest_256@loadtest.com,usertest256,P@ssw0rdforTest
Usertest_257,SurnameTest_257,Usertest_257@loadtest.com,usertest257,P@ssw0rdforTest
Usertest_258,SurnameTest_258,Usertest_258@loadtest.com,usertest258,P@ssw0rdforTest
Usertest_259,SurnameTest_259,Usertest_259@loadtest.com,usertest259,P@ssw0rdforTest
Usertest_260,SurnameTest_260,Usertest_260@loadtest.com,usertest260,P@ssw0rdforTest
Usertest_261,SurnameTest_261,Usertest_261@loadtest.com,usertest261,P@ssw0rdforTest
Usertest_262,SurnameTest_262,Usertest_262@loadtest.com,usertest262,P@ssw0rdforTest
Usertest_263,SurnameTest_263,Usertest_263@loadtest.com,usertest263,P@ssw0rdforTest
Usertest_264,SurnameTest_264,Usertest_264@loadtest.com,usertest264,P@ssw0rdforTest
Usertest_265,SurnameTest_265,Usertest_265@loadtest.com,usertest265,P@ssw0rdforTest
Usertest_266,SurnameTest_266,Usertest_266@loadtest.com,usertest266,P@ssw0rdforTest
Usertest_267,SurnameTest_267,Usertest_267@loadtest.com,usertest267,P@ssw0rdforTest
Usertest_268,SurnameTest_268,Usertest_268@loadtest.com,usertest268,P@ssw0rdforTest
Usertest_269,SurnameTest_269,Usertest_269@loadtest.com,usertest269,P@ssw0rdforTest
Usertest_270,SurnameTest_270,Usertest_270@loadtest.com,usertest270,P@ssw0rdforTest
Usertest_271,SurnameTest_271,Usertest_271@loadtest.com,usertest271,P@ssw0rdforTest
Usertest_272,SurnameTest_272,Usertest_272@loadtest.com,usertest272,P@ssw0rdforTest
Usertest_273,SurnameTest_273,Usertest_273@loadtest.com,usertest273,P@ssw0rdforTest
Usertest_274,SurnameTest_274,Usertest_274@loadtest.com,usertest274,P@ssw0rdforTest
Usertest_275,SurnameTest_275,Usertest_275@loadtest.com,usertest275,P@ssw0rdforTest
Usertest_276,SurnameTest_276,Usertest_276@loadtest.com,usertest276,P@ssw0rdforTest
Usertest_277,SurnameTest_277,Usertest_277@loadtest.com,usertest277,P@ssw0rdforTest
Usertest_278,SurnameTest_278,Usertest_278@loadtest.com,usertest278,P@ssw0rdforTest
Usertest_279,SurnameTest_279,Usertest_279@loadtest.com,usertest279,P@ssw0rdforTest
Usertest_280,SurnameTest_280,Usertest_280@loadtest.com,usertest280,P@ssw0rdforTest
Usertest_281,SurnameTest_281,Usertest_281@loadtest.com,usertest281,P@ssw0rdforTest
Usertest_282,SurnameTest_282,Usertest_282@loadtest.com,usertest282,P@ssw0rdforTest
Usertest_283,SurnameTest_283,Usertest_283@loadtest.com,usertest283,P@ssw0rdforTest
Usertest_284,SurnameTest_284,Usertest_284@loadtest.com,usertest284,P@ssw0rdforTest
Usertest_285,SurnameTest_285,Usertest_285@loadtest.com,usertest285,P@ssw0rdforTest
Usertest_286,SurnameTest_286,Usertest_286@loadtest.com,usertest286,P@ssw0rdforTest
Usertest_287,SurnameTest_287,Usertest_287@loadtest.com,usertest287,P@ssw0rdforTest
Usertest_288,SurnameTest_288,Usertest_288@loadtest.com,usertest288,P@ssw0rdforTest
Usertest_289,SurnameTest_289,Usertest_289@loadtest.com,usertest289,P@ssw0rdforTest
Usertest_290,SurnameTest_290,Usertest_290@loadtest.com,usertest290,P@ssw0rdforTest
Usertest_291,SurnameTest_291,Usertest_291@loadtest.com,usertest291,P@ssw0rdforTest
Usertest_292,SurnameTest_292,Usertest_292@loadtest.com,usertest292,P@ssw0rdforTest
Usertest_293,SurnameTest_293,Usertest_293@loadtest.com,usertest293,P@ssw0rdforTest
Usertest_294,SurnameTest_294,Usertest_294@loadtest.com,usertest294,P@ssw0rdforTest
Usertest_295,SurnameTest_295,Usertest_295@loadtest.com,usertest295,P@ssw0rdforTest
Usertest_296,SurnameTest_296,Usertest_296@loadtest.com,usertest296,P@ssw0rdforTest
Usertest_297,SurnameTest_297,Usertest_297@loadtest.com,usertest297,P@ssw0rdforTest
Usertest_298,SurnameTest_298,Usertest_298@loadtest.com,usertest298,P@ssw0rdforTest
Usertest_299,SurnameTest_299,Usertest_299@loadtest.com,usertest299,P@ssw0rdforTest
Usertest_300,SurnameTest_300,Usertest_300@loadtest.com,usertest300,P@ssw0rdforTest
Usertest_301,SurnameTest_301,Usertest_301@loadtest.com,usertest301,P@ssw0rdforTest
Usertest_302,SurnameTest_302,Usertest_302@loadtest.com,usertest302,P@ssw0rdforTest
Usertest_303,SurnameTest_303,Usertest_303@loadtest.com,usertest303,P@ssw0rdforTest
Usertest_304,SurnameTest_304,Usertest_304@loadtest.com,usertest304,P@ssw0rdforTest
Usertest_305,SurnameTest_305,Usertest_305@loadtest.com,usertest305,P@ssw0rdforTest
Usertest_306,SurnameTest_306,Usertest_306@loadtest.com,usertest306,P@ssw0rdforTest
Usertest_307,SurnameTest_307,Usertest_307@loadtest.com,usertest307,P@ssw0rdforTest
Usertest_308,SurnameTest_308,Usertest_308@loadtest.com,usertest308,P@ssw0rdforTest
Usertest_309,SurnameTest_309,Usertest_309@loadtest.com,usertest309,P@ssw0rdforTest
Usertest_310,SurnameTest_310,Usertest_310@loadtest.com,usertest310,P@ssw0rdforTest
Usertest_311,SurnameTest_311,Usertest_311@loadtest.com,usertest311,P@ssw0rdforTest
Usertest_312,SurnameTest_312,Usertest_312@loadtest.com,usertest312,P@ssw0rdforTest
Usertest_313,SurnameTest_313,Usertest_313@loadtest.com,usertest313,P@ssw0rdforTest
Usertest_314,SurnameTest_314,Usertest_314@loadtest.com,usertest314,P@ssw0rdforTest
Usertest_315,SurnameTest_315,Usertest_315@loadtest.com,usertest315,P@ssw0rdforTest
Usertest_316,SurnameTest_316,Usertest_316@loadtest.com,usertest316,P@ssw0rdforTest
Usertest_317,SurnameTest_317,Usertest_317@loadtest.com,usertest317,P@ssw0rdforTest
Usertest_318,SurnameTest_318,Usertest_318@loadtest.com,usertest318,P@ssw0rdforTest
Usertest_319,SurnameTest_319,Usertest_319@loadtest.com,usertest319,P@ssw0rdforTest
Usertest_320,SurnameTest_320,Usertest_320@loadtest.com,usertest320,P@ssw0rdforTest
Usertest_321,SurnameTest_321,Usertest_321@loadtest.com,usertest321,P@ssw0rdforTest
Usertest_322,SurnameTest_322,Usertest_322@loadtest.com,usertest322,P@ssw0rdforTest
Usertest_323,SurnameTest_323,Usertest_323@loadtest.com,usertest323,P@ssw0rdforTest
Usertest_324,SurnameTest_324,Usertest_324@loadtest.com,usertest324,P@ssw0rdforTest
Usertest_325,SurnameTest_325,Usertest_325@loadtest.com,usertest325,P@ssw0rdforTest
Usertest_326,SurnameTest_326,Usertest_326@loadtest.com,usertest326,P@ssw0rdforTest
Usertest_327,SurnameTest_327,Usertest_327@loadtest.com,usertest327,P@ssw0rdforTest
Usertest_328,SurnameTest_328,Usertest_328@loadtest.com,usertest328,P@ssw0rdforTest
Usertest_329,SurnameTest_329,Usertest_329@loadtest.com,usertest329,P@ssw0rdforTest
Usertest_330,SurnameTest_330,Usertest_330@loadtest.com,usertest330,P@ssw0rdforTest
Usertest_331,SurnameTest_331,Usertest_331@loadtest.com,usertest331,P@ssw0rdforTest
Usertest_332,SurnameTest_332,Usertest_332@loadtest.com,usertest332,P@ssw0rdforTest
Usertest_333,SurnameTest_333,Usertest_333@loadtest.com,usertest333,P@ssw0rdforTest
Usertest_334,SurnameTest_334,Usertest_334@loadtest.com,usertest334,P@ssw0rdforTest
Usertest_335,SurnameTest_335,Usertest_335@loadtest.com,usertest335,P@ssw0rdforTest
Usertest_336,SurnameTest_336,Usertest_336@loadtest.com,usertest336,P@ssw0rdforTest
Usertest_337,SurnameTest_337,Usertest_337@loadtest.com,usertest337,P@ssw0rdforTest
Usertest_338,SurnameTest_338,Usertest_338@loadtest.com,usertest338,P@ssw0rdforTest
Usertest_339,SurnameTest_339,Usertest_339@loadtest.com,usertest339,P@ssw0rdforTest
Usertest_340,SurnameTest_340,Usertest_340@loadtest.com,usertest340,P@ssw0rdforTest
Usertest_341,SurnameTest_341,Usertest_341@loadtest.com,usertest341,P@ssw0rdforTest
Usertest_342,SurnameTest_342,Usertest_342@loadtest.com,usertest342,P@ssw0rdforTest
Usertest_343,SurnameTest_343,Usertest_343@loadtest.com,usertest343,P@ssw0rdforTest
Usertest_344,SurnameTest_344,Usertest_344@loadtest.com,usertest344,P@ssw0rdforTest
Usertest_345,SurnameTest_345,Usertest_345@loadtest.com,usertest345,P@ssw0rdforTest
Usertest_346,SurnameTest_346,Usertest_346@loadtest.com,usertest346,P@ssw0rdforTest
Usertest_347,SurnameTest_347,Usertest_347@loadtest.com,usertest347,P@ssw0rdforTest
Usertest_348,SurnameTest_348,Usertest_348@loadtest.com,usertest348,P@ssw0rdforTest
Usertest_349,SurnameTest_349,Usertest_349@loadtest.com,usertest349,P@ssw0rdforTest
Usertest_350,SurnameTest_350,Usertest_350@loadtest.com,usertest350,P@ssw0rdforTest
Usertest_351,SurnameTest_351,Usertest_351@loadtest.com,usertest351,P@ssw0rdforTest
Usertest_352,SurnameTest_352,Usertest_352@loadtest.com,usertest352,P@ssw0rdforTest
Usertest_353,SurnameTest_353,Usertest_353@loadtest.com,usertest353,P@ssw0rdforTest
Usertest_354,SurnameTest_354,Usertest_354@loadtest.com,usertest354,P@ssw0rdforTest
Usertest_355,SurnameTest_355,Usertest_355@loadtest.com,usertest355,P@ssw0rdforTest
Usertest_356,SurnameTest_356,Usertest_356@loadtest.com,usertest356,P@ssw0rdforTest
Usertest_357,SurnameTest_357,Usertest_357@loadtest.com,usertest357,P@ssw0rdforTest
Usertest_358,SurnameTest_358,Usertest_358@loadtest.com,usertest358,P@ssw0rdforTest
Usertest_359,SurnameTest_359,Usertest_359@loadtest.com,usertest359,P@ssw0rdforTest
Usertest_360,SurnameTest_360,Usertest_360@loadtest.com,usertest360,P@ssw0rdforTest
Usertest_361,SurnameTest_361,Usertest_361@loadtest.com,usertest361,P@ssw0rdforTest
Usertest_362,SurnameTest_362,Usertest_362@loadtest.com,usertest362,P@ssw0rdforTest
Usertest_363,SurnameTest_363,Usertest_363@loadtest.com,usertest363,P@ssw0rdforTest
Usertest_364,SurnameTest_364,Usertest_364@loadtest.com,usertest364,P@ssw0rdforTest
Usertest_365,SurnameTest_365,Usertest_365@loadtest.com,usertest365,P@ssw0rdforTest
Usertest_366,SurnameTest_366,Usertest_366@loadtest.com,usertest366,P@ssw0rdforTest
Usertest_367,SurnameTest_367,Usertest_367@loadtest.com,usertest367,P@ssw0rdforTest
Usertest_368,SurnameTest_368,Usertest_368@loadtest.com,usertest368,P@ssw0rdforTest
Usertest_369,SurnameTest_369,Usertest_369@loadtest.com,usertest369,P@ssw0rdforTest
Usertest_370,SurnameTest_370,Usertest_370@loadtest.com,usertest370,P@ssw0rdforTest
Usertest_371,SurnameTest_371,Usertest_371@loadtest.com,usertest371,P@ssw0rdforTest
Usertest_372,SurnameTest_372,Usertest_372@loadtest.com,usertest372,P@ssw0rdforTest
Usertest_373,SurnameTest_373,Usertest_373@loadtest.com,usertest373,P@ssw0rdforTest
Usertest_374,SurnameTest_374,Usertest_374@loadtest.com,usertest374,P@ssw0rdforTest
Usertest_375,SurnameTest_375,Usertest_375@loadtest.com,usertest375,P@ssw0rdforTest
Usertest_376,SurnameTest_376,Usertest_376@loadtest.com,usertest376,P@ssw0rdforTest
Usertest_377,SurnameTest_377,Usertest_377@loadtest.com,usertest377,P@ssw0rdforTest
Usertest_378,SurnameTest_378,Usertest_378@loadtest.com,usertest378,P@ssw0rdforTest
Usertest_379,SurnameTest_379,Usertest_379@loadtest.com,usertest379,P@ssw0rdforTest
Usertest_380,SurnameTest_380,Usertest_380@loadtest.com,usertest380,P@ssw0rdforTest
Usertest_381,SurnameTest_381,Usertest_381@loadtest.com,usertest381,P@ssw0rdforTest
Usertest_382,SurnameTest_382,Usertest_382@loadtest.com,usertest382,P@ssw0rdforTest
Usertest_383,SurnameTest_383,Usertest_383@loadtest.com,usertest383,P@ssw0rdforTest
Usertest_384,SurnameTest_384,Usertest_384@loadtest.com,usertest384,P@ssw0rdforTest
Usertest_385,SurnameTest_385,Usertest_385@loadtest.com,usertest385,P@ssw0rdforTest
Usertest_386,SurnameTest_386,Usertest_386@loadtest.com,usertest386,P@ssw0rdforTest
Usertest_387,SurnameTest_387,Usertest_387@loadtest.com,usertest387,P@ssw0rdforTest
Usertest_388,SurnameTest_388,Usertest_388@loadtest.com,usertest388,P@ssw0rdforTest
Usertest_389,SurnameTest_389,Usertest_389@loadtest.com,usertest389,P@ssw0rdforTest
Usertest_390,SurnameTest_390,Usertest_390@loadtest.com,usertest390,P@ssw0rdforTest
Usertest_391,SurnameTest_391,Usertest_391@loadtest.com,usertest391,P@ssw0rdforTest
Usertest_392,SurnameTest_392,Usertest_392@loadtest.com,usertest392,P@ssw0rdforTest
Usertest_393,SurnameTest_393,Usertest_393@loadtest.com,usertest393,P@ssw0rdforTest
Usertest_394,SurnameTest_394,Usertest_394@loadtest.com,usertest394,P@ssw0rdforTest
Usertest_395,SurnameTest_395,Usertest_395@loadtest.com,usertest395,P@ssw0rdforTest
Usertest_396,SurnameTest_396,Usertest_396@loadtest.com,usertest396,P@ssw0rdforTest
Usertest_397,SurnameTest_397,Usertest_397@loadtest.com,usertest397,P@ssw0rdforTest
Usertest_398,SurnameTest_398,Usertest_398@loadtest.com,usertest398,P@ssw0rdforTest
Usertest_399,SurnameTest_399,Usertest_399@loadtest.com,usertest399,P@ssw0rdforTest
Usertest_400,SurnameTest_400,Usertest_400@loadtest.com,usertest400,P@ssw0rdforTest
Usertest_401,SurnameTest_401,Usertest_401@loadtest.com,usertest401,P@ssw0rdforTest
Usertest_402,SurnameTest_402,Usertest_402@loadtest.com,usertest402,P@ssw0rdforTest
Usertest_403,SurnameTest_403,Usertest_403@loadtest.com,usertest403,P@ssw0rdforTest
Usertest_404,SurnameTest_404,Usertest_404@loadtest.com,usertest404,P@ssw0rdforTest
Usertest_405,SurnameTest_405,Usertest_405@loadtest.com,usertest405,P@ssw0rdforTest
Usertest_406,SurnameTest_406,Usertest_406@loadtest.com,usertest406,P@ssw0rdforTest
Usertest_407,SurnameTest_407,Usertest_407@loadtest.com,usertest407,P@ssw0rdforTest
Usertest_408,SurnameTest_408,Usertest_408@loadtest.com,usertest408,P@ssw0rdforTest
Usertest_409,SurnameTest_409,Usertest_409@loadtest.com,usertest409,P@ssw0rdforTest
Usertest_410,SurnameTest_410,Usertest_410@loadtest.com,usertest410,P@ssw0rdforTest
Usertest_411,SurnameTest_411,Usertest_411@loadtest.com,usertest411,P@ssw0rdforTest
Usertest_412,SurnameTest_412,Usertest_412@loadtest.com,usertest412,P@ssw0rdforTest
Usertest_413,SurnameTest_413,Usertest_413@loadtest.com,usertest413,P@ssw0rdforTest
Usertest_414,SurnameTest_414,Usertest_414@loadtest.com,usertest414,P@ssw0rdforTest
Usertest_415,SurnameTest_415,Usertest_415@loadtest.com,usertest415,P@ssw0rdforTest
Usertest_416,SurnameTest_416,Usertest_416@loadtest.com,usertest416,P@ssw0rdforTest
Usertest_417,SurnameTest_417,Usertest_417@loadtest.com,usertest417,P@ssw0rdforTest
Usertest_418,SurnameTest_418,Usertest_418@loadtest.com,usertest418,P@ssw0rdforTest
Usertest_419,SurnameTest_419,Usertest_419@loadtest.com,usertest419,P@ssw0rdforTest
Usertest_420,SurnameTest_420,Usertest_420@loadtest.com,usertest420,P@ssw0rdforTest
Usertest_421,SurnameTest_421,Usertest_421@loadtest.com,usertest421,P@ssw0rdforTest
Usertest_422,SurnameTest_422,Usertest_422@loadtest.com,usertest422,P@ssw0rdforTest
Usertest_423,SurnameTest_423,Usertest_423@loadtest.com,usertest423,P@ssw0rdforTest
Usertest_424,SurnameTest_424,Usertest_424@loadtest.com,usertest424,P@ssw0rdforTest
Usertest_425,SurnameTest_425,Usertest_425@loadtest.com,usertest425,P@ssw0rdforTest
Usertest_426,SurnameTest_426,Usertest_426@loadtest.com,usertest426,P@ssw0rdforTest
Usertest_427,SurnameTest_427,Usertest_427@loadtest.com,usertest427,P@ssw0rdforTest
Usertest_428,SurnameTest_428,Usertest_428@loadtest.com,usertest428,P@ssw0rdforTest
Usertest_429,SurnameTest_429,Usertest_429@loadtest.com,usertest429,P@ssw0rdforTest
Usertest_430,SurnameTest_430,Usertest_430@loadtest.com,usertest430,P@ssw0rdforTest
Usertest_431,SurnameTest_431,Usertest_431@loadtest.com,usertest431,P@ssw0rdforTest
Usertest_432,SurnameTest_432,Usertest_432@loadtest.com,usertest432,P@ssw0rdforTest
Usertest_433,SurnameTest_433,Usertest_433@loadtest.com,usertest433,P@ssw0rdforTest
Usertest_434,SurnameTest_434,Usertest_434@loadtest.com,usertest434,P@ssw0rdforTest
Usertest_435,SurnameTest_435,Usertest_435@loadtest.com,usertest435,P@ssw0rdforTest
Usertest_436,SurnameTest_436,Usertest_436@loadtest.com,usertest436,P@ssw0rdforTest
Usertest_437,SurnameTest_437,Usertest_437@loadtest.com,usertest437,P@ssw0rdforTest
Usertest_438,SurnameTest_438,Usertest_438@loadtest.com,usertest438,P@ssw0rdforTest
Usertest_439,SurnameTest_439,Usertest_439@loadtest.com,usertest439,P@ssw0rdforTest
Usertest_440,SurnameTest_440,Usertest_440@loadtest.com,usertest440,P@ssw0rdforTest
Usertest_441,SurnameTest_441,Usertest_441@loadtest.com,usertest441,P@ssw0rdforTest
Usertest_442,SurnameTest_442,Usertest_442@loadtest.com,usertest442,P@ssw0rdforTest
Usertest_443,SurnameTest_443,Usertest_443@loadtest.com,usertest443,P@ssw0rdforTest
Usertest_444,SurnameTest_444,Usertest_444@loadtest.com,usertest444,P@ssw0rdforTest
Usertest_445,SurnameTest_445,Usertest_445@loadtest.com,usertest445,P@ssw0rdforTest
Usertest_446,SurnameTest_446,Usertest_446@loadtest.com,usertest446,P@ssw0rdforTest
Usertest_447,SurnameTest_447,Usertest_447@loadtest.com,usertest447,P@ssw0rdforTest
Usertest_448,SurnameTest_448,Usertest_448@loadtest.com,usertest448,P@ssw0rdforTest
Usertest_449,SurnameTest_449,Usertest_449@loadtest.com,usertest449,P@ssw0rdforTest
Usertest_450,SurnameTest_450,Usertest_450@loadtest.com,usertest450,P@ssw0rdforTest
Usertest_451,SurnameTest_451,Usertest_451@loadtest.com,usertest451,P@ssw0rdforTest
Usertest_452,SurnameTest_452,Usertest_452@loadtest.com,usertest452,P@ssw0rdforTest
Usertest_453,SurnameTest_453,Usertest_453@loadtest.com,usertest453,P@ssw0rdforTest
Usertest_454,SurnameTest_454,Usertest_454@loadtest.com,usertest454,P@ssw0rdforTest
Usertest_455,SurnameTest_455,Usertest_455@loadtest.com,usertest455,P@ssw0rdforTest
Usertest_456,SurnameTest_456,Usertest_456@loadtest.com,usertest456,P@ssw0rdforTest
Usertest_457,SurnameTest_457,Usertest_457@loadtest.com,usertest457,P@ssw0rdforTest
Usertest_458,SurnameTest_458,Usertest_458@loadtest.com,usertest458,P@ssw0rdforTest
Usertest_459,SurnameTest_459,Usertest_459@loadtest.com,usertest459,P@ssw0rdforTest
Usertest_460,SurnameTest_460,Usertest_460@loadtest.com,usertest460,P@ssw0rdforTest
Usertest_461,SurnameTest_461,Usertest_461@loadtest.com,usertest461,P@ssw0rdforTest
Usertest_462,SurnameTest_462,Usertest_462@loadtest.com,usertest462,P@ssw0rdforTest
Usertest_463,SurnameTest_463,Usertest_463@loadtest.com,usertest463,P@ssw0rdforTest
Usertest_464,SurnameTest_464,Usertest_464@loadtest.com,usertest464,P@ssw0rdforTest
Usertest_465,SurnameTest_465,Usertest_465@loadtest.com,usertest465,P@ssw0rdforTest
Usertest_466,SurnameTest_466,Usertest_466@loadtest.com,usertest466,P@ssw0rdforTest
Usertest_467,SurnameTest_467,Usertest_467@loadtest.com,usertest467,P@ssw0rdforTest
Usertest_468,SurnameTest_468,Usertest_468@loadtest.com,usertest468,P@ssw0rdforTest
Usertest_469,SurnameTest_469,Usertest_469@loadtest.com,usertest469,P@ssw0rdforTest
Usertest_470,SurnameTest_470,Usertest_470@loadtest.com,usertest470,P@ssw0rdforTest
Usertest_471,SurnameTest_471,Usertest_471@loadtest.com,usertest471,P@ssw0rdforTest
Usertest_472,SurnameTest_472,Usertest_472@loadtest.com,usertest472,P@ssw0rdforTest
Usertest_473,SurnameTest_473,Usertest_473@loadtest.com,usertest473,P@ssw0rdforTest
Usertest_474,SurnameTest_474,Usertest_474@loadtest.com,usertest474,P@ssw0rdforTest
Usertest_475,SurnameTest_475,Usertest_475@loadtest.com,usertest475,P@ssw0rdforTest
Usertest_476,SurnameTest_476,Usertest_476@loadtest.com,usertest476,P@ssw0rdforTest
Usertest_477,SurnameTest_477,Usertest_477@loadtest.com,usertest477,P@ssw0rdforTest
Usertest_478,SurnameTest_478,Usertest_478@loadtest.com,usertest478,P@ssw0rdforTest
Usertest_479,SurnameTest_479,Usertest_479@loadtest.com,usertest479,P@ssw0rdforTest
Usertest_480,SurnameTest_480,Usertest_480@loadtest.com,usertest480,P@ssw0rdforTest
Usertest_481,SurnameTest_481,Usertest_481@loadtest.com,usertest481,P@ssw0rdforTest
Usertest_482,SurnameTest_482,Usertest_482@loadtest.com,usertest482,P@ssw0rdforTest
Usertest_483,SurnameTest_483,Usertest_483@loadtest.com,usertest483,P@ssw0rdforTest
Usertest_484,SurnameTest_484,Usertest_484@loadtest.com,usertest484,P@ssw0rdforTest
Usertest_485,SurnameTest_485,Usertest_485@loadtest.com,usertest485,P@ssw0rdforTest
Usertest_486,SurnameTest_486,Usertest_486@loadtest.com,usertest486,P@ssw0rdforTest
Usertest_487,SurnameTest_487,Usertest_487@loadtest.com,usertest487,P@ssw0rdforTest
Usertest_488,SurnameTest_488,Usertest_488@loadtest.com,usertest488,P@ssw0rdforTest
Usertest_489,SurnameTest_489,Usertest_489@loadtest.com,usertest489,P@ssw0rdforTest
Usertest_490,SurnameTest_490,Usertest_490@loadtest.com,usertest490,P@ssw0rdforTest
Usertest_491,SurnameTest_491,Usertest_491@loadtest.com,usertest491,P@ssw0rdforTest
Usertest_492,SurnameTest_492,Usertest_492@loadtest.com,usertest492,P@ssw0rdforTest
Usertest_493,SurnameTest_493,Usertest_493@loadtest.com,usertest493,P@ssw0rdforTest
Usertest_494,SurnameTest_494,Usertest_494@loadtest.com,usertest494,P@ssw0rdforTest
Usertest_495,SurnameTest_495,Usertest_495@loadtest.com,usertest495,P@ssw0rdforTest
Usertest_496,SurnameTest_496,Usertest_496@loadtest.com,usertest496,P@ssw0rdforTest
Usertest_497,SurnameTest_497,Usertest_497@loadtest.com,usertest497,P@ssw0rdforTest
Usertest_498,SurnameTest_498,Usertest_498@loadtest.com,usertest498,P@ssw0rdforTest
Usertest_499,SurnameTest_499,Usertest_499@loadtest.com,usertest499,P@ssw0rdforTest
Usertest_500,SurnameTest_500,Usertest_500@loadtest.com,usertest500,P@ssw0rdforTest
Usertest_501,SurnameTest_501,Usertest_501@loadtest.com,usertest501,P@ssw0rdforTest
Usertest_502,SurnameTest_502,Usertest_502@loadtest.com,usertest502,P@ssw0rdforTest
Usertest_503,SurnameTest_503,Usertest_503@loadtest.com,usertest503,P@ssw0rdforTest
Usertest_504,SurnameTest_504,Usertest_504@loadtest.com,usertest504,P@ssw0rdforTest
Usertest_505,SurnameTest_505,Usertest_505@loadtest.com,usertest505,P@ssw0rdforTest
Usertest_506,SurnameTest_506,Usertest_506@loadtest.com,usertest506,P@ssw0rdforTest
Usertest_507,SurnameTest_507,Usertest_507@loadtest.com,usertest507,P@ssw0rdforTest
Usertest_508,SurnameTest_508,Usertest_508@loadtest.com,usertest508,P@ssw0rdforTest
Usertest_509,SurnameTest_509,Usertest_509@loadtest.com,usertest509,P@ssw0rdforTest
Usertest_510,SurnameTest_510,Usertest_510@loadtest.com,usertest510,P@ssw0rdforTest
Usertest_511,SurnameTest_511,Usertest_511@loadtest.com,usertest511,P@ssw0rdforTest
Usertest_512,SurnameTest_512,Usertest_512@loadtest.com,usertest512,P@ssw0rdforTest
Usertest_513,SurnameTest_513,Usertest_513@loadtest.com,usertest513,P@ssw0rdforTest
Usertest_514,SurnameTest_514,Usertest_514@loadtest.com,usertest514,P@ssw0rdforTest
Usertest_515,SurnameTest_515,Usertest_515@loadtest.com,usertest515,P@ssw0rdforTest
Usertest_516,SurnameTest_516,Usertest_516@loadtest.com,usertest516,P@ssw0rdforTest
Usertest_517,SurnameTest_517,Usertest_517@loadtest.com,usertest517,P@ssw0rdforTest
Usertest_518,SurnameTest_518,Usertest_518@loadtest.com,usertest518,P@ssw0rdforTest
Usertest_519,SurnameTest_519,Usertest_519@loadtest.com,usertest519,P@ssw0rdforTest
Usertest_520,SurnameTest_520,Usertest_520@loadtest.com,usertest520,P@ssw0rdforTest
Usertest_521,SurnameTest_521,Usertest_521@loadtest.com,usertest521,P@ssw0rdforTest
Usertest_522,SurnameTest_522,Usertest_522@loadtest.com,usertest522,P@ssw0rdforTest
Usertest_523,SurnameTest_523,Usertest_523@loadtest.com,usertest523,P@ssw0rdforTest
Usertest_524,SurnameTest_524,Usertest_524@loadtest.com,usertest524,P@ssw0rdforTest
Usertest_525,SurnameTest_525,Usertest_525@loadtest.com,usertest525,P@ssw0rdforTest
Usertest_526,SurnameTest_526,Usertest_526@loadtest.com,usertest526,P@ssw0rdforTest
Usertest_527,SurnameTest_527,Usertest_527@loadtest.com,usertest527,P@ssw0rdforTest
Usertest_528,SurnameTest_528,Usertest_528@loadtest.com,usertest528,P@ssw0rdforTest
Usertest_529,SurnameTest_529,Usertest_529@loadtest.com,usertest529,P@ssw0rdforTest
Usertest_530,SurnameTest_530,Usertest_530@loadtest.com,usertest530,P@ssw0rdforTest
Usertest_531,SurnameTest_531,Usertest_531@loadtest.com,usertest531,P@ssw0rdforTest
Usertest_532,SurnameTest_532,Usertest_532@loadtest.com,usertest532,P@ssw0rdforTest
Usertest_533,SurnameTest_533,Usertest_533@loadtest.com,usertest533,P@ssw0rdforTest
Usertest_534,SurnameTest_534,Usertest_534@loadtest.com,usertest534,P@ssw0rdforTest
Usertest_535,SurnameTest_535,Usertest_535@loadtest.com,usertest535,P@ssw0rdforTest
Usertest_536,SurnameTest_536,Usertest_536@loadtest.com,usertest536,P@ssw0rdforTest
Usertest_537,SurnameTest_537,Usertest_537@loadtest.com,usertest537,P@ssw0rdforTest
Usertest_538,SurnameTest_538,Usertest_538@loadtest.com,usertest538,P@ssw0rdforTest
Usertest_539,SurnameTest_539,Usertest_539@loadtest.com,usertest539,P@ssw0rdforTest
Usertest_540,SurnameTest_540,Usertest_540@loadtest.com,usertest540,P@ssw0rdforTest
Usertest_541,SurnameTest_541,Usertest_541@loadtest.com,usertest541,P@ssw0rdforTest
Usertest_542,SurnameTest_542,Usertest_542@loadtest.com,usertest542,P@ssw0rdforTest
Usertest_543,SurnameTest_543,Usertest_543@loadtest.com,usertest543,P@ssw0rdforTest
Usertest_544,SurnameTest_544,Usertest_544@loadtest.com,usertest544,P@ssw0rdforTest
Usertest_545,SurnameTest_545,Usertest_545@loadtest.com,usertest545,P@ssw0rdforTest
Usertest_546,SurnameTest_546,Usertest_546@loadtest.com,usertest546,P@ssw0rdforTest
Usertest_547,SurnameTest_547,Usertest_547@loadtest.com,usertest547,P@ssw0rdforTest
Usertest_548,SurnameTest_548,Usertest_548@loadtest.com,usertest548,P@ssw0rdforTest
Usertest_549,SurnameTest_549,Usertest_549@loadtest.com,usertest549,P@ssw0rdforTest
Usertest_550,SurnameTest_550,Usertest_550@loadtest.com,usertest550,P@ssw0rdforTest
Usertest_551,SurnameTest_551,Usertest_551@loadtest.com,usertest551,P@ssw0rdforTest
Usertest_552,SurnameTest_552,Usertest_552@loadtest.com,usertest552,P@ssw0rdforTest
Usertest_553,SurnameTest_553,Usertest_553@loadtest.com,usertest553,P@ssw0rdforTest
Usertest_554,SurnameTest_554,Usertest_554@loadtest.com,usertest554,P@ssw0rdforTest
Usertest_555,SurnameTest_555,Usertest_555@loadtest.com,usertest555,P@ssw0rdforTest
Usertest_556,SurnameTest_556,Usertest_556@loadtest.com,usertest556,P@ssw0rdforTest
Usertest_557,SurnameTest_557,Usertest_557@loadtest.com,usertest557,P@ssw0rdforTest
Usertest_558,SurnameTest_558,Usertest_558@loadtest.com,usertest558,P@ssw0rdforTest
Usertest_559,SurnameTest_559,Usertest_559@loadtest.com,usertest559,P@ssw0rdforTest
Usertest_560,SurnameTest_560,Usertest_560@loadtest.com,usertest560,P@ssw0rdforTest
Usertest_561,SurnameTest_561,Usertest_561@loadtest.com,usertest561,P@ssw0rdforTest
Usertest_562,SurnameTest_562,Usertest_562@loadtest.com,usertest562,P@ssw0rdforTest
Usertest_563,SurnameTest_563,Usertest_563@loadtest.com,usertest563,P@ssw0rdforTest
Usertest_564,SurnameTest_564,Usertest_564@loadtest.com,usertest564,P@ssw0rdforTest
Usertest_565,SurnameTest_565,Usertest_565@loadtest.com,usertest565,P@ssw0rdforTest
Usertest_566,SurnameTest_566,Usertest_566@loadtest.com,usertest566,P@ssw0rdforTest
Usertest_567,SurnameTest_567,Usertest_567@loadtest.com,usertest567,P@ssw0rdforTest
Usertest_568,SurnameTest_568,Usertest_568@loadtest.com,usertest568,P@ssw0rdforTest
Usertest_569,SurnameTest_569,Usertest_569@loadtest.com,usertest569,P@ssw0rdforTest
Usertest_570,SurnameTest_570,Usertest_570@loadtest.com,usertest570,P@ssw0rdforTest
Usertest_571,SurnameTest_571,Usertest_571@loadtest.com,usertest571,P@ssw0rdforTest
Usertest_572,SurnameTest_572,Usertest_572@loadtest.com,usertest572,P@ssw0rdforTest
Usertest_573,SurnameTest_573,Usertest_573@loadtest.com,usertest573,P@ssw0rdforTest
Usertest_574,SurnameTest_574,Usertest_574@loadtest.com,usertest574,P@ssw0rdforTest
Usertest_575,SurnameTest_575,Usertest_575@loadtest.com,usertest575,P@ssw0rdforTest
Usertest_576,SurnameTest_576,Usertest_576@loadtest.com,usertest576,P@ssw0rdforTest
Usertest_577,SurnameTest_577,Usertest_577@loadtest.com,usertest577,P@ssw0rdforTest
Usertest_578,SurnameTest_578,Usertest_578@loadtest.com,usertest578,P@ssw0rdforTest
Usertest_579,SurnameTest_579,Usertest_579@loadtest.com,usertest579,P@ssw0rdforTest
Usertest_580,SurnameTest_580,Usertest_580@loadtest.com,usertest580,P@ssw0rdforTest
Usertest_581,SurnameTest_581,Usertest_581@loadtest.com,usertest581,P@ssw0rdforTest
Usertest_582,SurnameTest_582,Usertest_582@loadtest.com,usertest582,P@ssw0rdforTest
Usertest_583,SurnameTest_583,Usertest_583@loadtest.com,usertest583,P@ssw0rdforTest
Usertest_584,SurnameTest_584,Usertest_584@loadtest.com,usertest584,P@ssw0rdforTest
Usertest_585,SurnameTest_585,Usertest_585@loadtest.com,usertest585,P@ssw0rdforTest
Usertest_586,SurnameTest_586,Usertest_586@loadtest.com,usertest586,P@ssw0rdforTest
Usertest_587,SurnameTest_587,Usertest_587@loadtest.com,usertest587,P@ssw0rdforTest
Usertest_588,SurnameTest_588,Usertest_588@loadtest.com,usertest588,P@ssw0rdforTest
Usertest_589,SurnameTest_589,Usertest_589@loadtest.com,usertest589,P@ssw0rdforTest
Usertest_590,SurnameTest_590,Usertest_590@loadtest.com,usertest590,P@ssw0rdforTest
Usertest_591,SurnameTest_591,Usertest_591@loadtest.com,usertest591,P@ssw0rdforTest
Usertest_592,SurnameTest_592,Usertest_592@loadtest.com,usertest592,P@ssw0rdforTest
Usertest_593,SurnameTest_593,Usertest_593@loadtest.com,usertest593,P@ssw0rdforTest
Usertest_594,SurnameTest_594,Usertest_594@loadtest.com,usertest594,P@ssw0rdforTest
Usertest_595,SurnameTest_595,Usertest_595@loadtest.com,usertest595,P@ssw0rdforTest
Usertest_596,SurnameTest_596,Usertest_596@loadtest.com,usertest596,P@ssw0rdforTest
Usertest_597,SurnameTest_597,Usertest_597@loadtest.com,usertest597,P@ssw0rdforTest
Usertest_598,SurnameTest_598,Usertest_598@loadtest.com,usertest598,P@ssw0rdforTest
Usertest_599,SurnameTest_599,Usertest_599@loadtest.com,usertest599,P@ssw0rdforTest
Usertest_600,SurnameTest_600,Usertest_600@loadtest.com,usertest600,P@ssw0rdforTest
Usertest_601,SurnameTest_601,Usertest_601@loadtest.com,usertest601,P@ssw0rdforTest
Usertest_602,SurnameTest_602,Usertest_602@loadtest.com,usertest602,P@ssw0rdforTest
Usertest_603,SurnameTest_603,Usertest_603@loadtest.com,usertest603,P@ssw0rdforTest
Usertest_604,SurnameTest_604,Usertest_604@loadtest.com,usertest604,P@ssw0rdforTest
Usertest_605,SurnameTest_605,Usertest_605@loadtest.com,usertest605,P@ssw0rdforTest
Usertest_606,SurnameTest_606,Usertest_606@loadtest.com,usertest606,P@ssw0rdforTest
Usertest_607,SurnameTest_607,Usertest_607@loadtest.com,usertest607,P@ssw0rdforTest
Usertest_608,SurnameTest_608,Usertest_608@loadtest.com,usertest608,P@ssw0rdforTest
Usertest_609,SurnameTest_609,Usertest_609@loadtest.com,usertest609,P@ssw0rdforTest
Usertest_610,SurnameTest_610,Usertest_610@loadtest.com,usertest610,P@ssw0rdforTest
Usertest_611,SurnameTest_611,Usertest_611@loadtest.com,usertest611,P@ssw0rdforTest
Usertest_612,SurnameTest_612,Usertest_612@loadtest.com,usertest612,P@ssw0rdforTest
Usertest_613,SurnameTest_613,Usertest_613@loadtest.com,usertest613,P@ssw0rdforTest
Usertest_614,SurnameTest_614,Usertest_614@loadtest.com,usertest614,P@ssw0rdforTest
Usertest_615,SurnameTest_615,Usertest_615@loadtest.com,usertest615,P@ssw0rdforTest
Usertest_616,SurnameTest_616,Usertest_616@loadtest.com,usertest616,P@ssw0rdforTest
Usertest_617,SurnameTest_617,Usertest_617@loadtest.com,usertest617,P@ssw0rdforTest
Usertest_618,SurnameTest_618,Usertest_618@loadtest.com,usertest618,P@ssw0rdforTest
Usertest_619,SurnameTest_619,Usertest_619@loadtest.com,usertest619,P@ssw0rdforTest
Usertest_620,SurnameTest_620,Usertest_620@loadtest.com,usertest620,P@ssw0rdforTest
Usertest_621,SurnameTest_621,Usertest_621@loadtest.com,usertest621,P@ssw0rdforTest
Usertest_622,SurnameTest_622,Usertest_622@loadtest.com,usertest622,P@ssw0rdforTest
Usertest_623,SurnameTest_623,Usertest_623@loadtest.com,usertest623,P@ssw0rdforTest
Usertest_624,SurnameTest_624,Usertest_624@loadtest.com,usertest624,P@ssw0rdforTest
Usertest_625,SurnameTest_625,Usertest_625@loadtest.com,usertest625,P@ssw0rdforTest
Usertest_626,SurnameTest_626,Usertest_626@loadtest.com,usertest626,P@ssw0rdforTest
Usertest_627,SurnameTest_627,Usertest_627@loadtest.com,usertest627,P@ssw0rdforTest
Usertest_628,SurnameTest_628,Usertest_628@loadtest.com,usertest628,P@ssw0rdforTest
Usertest_629,SurnameTest_629,Usertest_629@loadtest.com,usertest629,P@ssw0rdforTest
Usertest_630,SurnameTest_630,Usertest_630@loadtest.com,usertest630,P@ssw0rdforTest
Usertest_631,SurnameTest_631,Usertest_631@loadtest.com,usertest631,P@ssw0rdforTest
Usertest_632,SurnameTest_632,Usertest_632@loadtest.com,usertest632,P@ssw0rdforTest
Usertest_633,SurnameTest_633,Usertest_633@loadtest.com,usertest633,P@ssw0rdforTest
Usertest_634,SurnameTest_634,Usertest_634@loadtest.com,usertest634,P@ssw0rdforTest
Usertest_635,SurnameTest_635,Usertest_635@loadtest.com,usertest635,P@ssw0rdforTest
Usertest_636,SurnameTest_636,Usertest_636@loadtest.com,usertest636,P@ssw0rdforTest
Usertest_637,SurnameTest_637,Usertest_637@loadtest.com,usertest637,P@ssw0rdforTest
Usertest_638,SurnameTest_638,Usertest_638@loadtest.com,usertest638,P@ssw0rdforTest
Usertest_639,SurnameTest_639,Usertest_639@loadtest.com,usertest639,P@ssw0rdforTest
Usertest_640,SurnameTest_640,Usertest_640@loadtest.com,usertest640,P@ssw0rdforTest
Usertest_641,SurnameTest_641,Usertest_641@loadtest.com,usertest641,P@ssw0rdforTest
Usertest_642,SurnameTest_642,Usertest_642@loadtest.com,usertest642,P@ssw0rdforTest
Usertest_643,SurnameTest_643,Usertest_643@loadtest.com,usertest643,P@ssw0rdforTest
Usertest_644,SurnameTest_644,Usertest_644@loadtest.com,usertest644,P@ssw0rdforTest
Usertest_645,SurnameTest_645,Usertest_645@loadtest.com,usertest645,P@ssw0rdforTest
Usertest_646,SurnameTest_646,Usertest_646@loadtest.com,usertest646,P@ssw0rdforTest
Usertest_647,SurnameTest_647,Usertest_647@loadtest.com,usertest647,P@ssw0rdforTest
Usertest_648,SurnameTest_648,Usertest_648@loadtest.com,usertest648,P@ssw0rdforTest
Usertest_649,SurnameTest_649,Usertest_649@loadtest.com,usertest649,P@ssw0rdforTest
Usertest_650,SurnameTest_650,Usertest_650@loadtest.com,usertest650,P@ssw0rdforTest
Usertest_651,SurnameTest_651,Usertest_651@loadtest.com,usertest651,P@ssw0rdforTest
Usertest_652,SurnameTest_652,Usertest_652@loadtest.com,usertest652,P@ssw0rdforTest
Usertest_653,SurnameTest_653,Usertest_653@loadtest.com,usertest653,P@ssw0rdforTest
Usertest_654,SurnameTest_654,Usertest_654@loadtest.com,usertest654,P@ssw0rdforTest
Usertest_655,SurnameTest_655,Usertest_655@loadtest.com,usertest655,P@ssw0rdforTest
Usertest_656,SurnameTest_656,Usertest_656@loadtest.com,usertest656,P@ssw0rdforTest
Usertest_657,SurnameTest_657,Usertest_657@loadtest.com,usertest657,P@ssw0rdforTest
Usertest_658,SurnameTest_658,Usertest_658@loadtest.com,usertest658,P@ssw0rdforTest
Usertest_659,SurnameTest_659,Usertest_659@loadtest.com,usertest659,P@ssw0rdforTest
Usertest_660,SurnameTest_660,Usertest_660@loadtest.com,usertest660,P@ssw0rdforTest
Usertest_661,SurnameTest_661,Usertest_661@loadtest.com,usertest661,P@ssw0rdforTest
Usertest_662,SurnameTest_662,Usertest_662@loadtest.com,usertest662,P@ssw0rdforTest
Usertest_663,SurnameTest_663,Usertest_663@loadtest.com,usertest663,P@ssw0rdforTest
Usertest_664,SurnameTest_664,Usertest_664@loadtest.com,usertest664,P@ssw0rdforTest
Usertest_665,SurnameTest_665,Usertest_665@loadtest.com,usertest665,P@ssw0rdforTest
Usertest_666,SurnameTest_666,Usertest_666@loadtest.com,usertest666,P@ssw0rdforTest
Usertest_667,SurnameTest_667,Usertest_667@loadtest.com,usertest667,P@ssw0rdforTest
Usertest_668,SurnameTest_668,Usertest_668@loadtest.com,usertest668,P@ssw0rdforTest
Usertest_669,SurnameTest_669,Usertest_669@loadtest.com,usertest669,P@ssw0rdforTest
Usertest_670,SurnameTest_670,Usertest_670@loadtest.com,usertest670,P@ssw0rdforTest
Usertest_671,SurnameTest_671,Usertest_671@loadtest.com,usertest671,P@ssw0rdforTest
Usertest_672,SurnameTest_672,Usertest_672@loadtest.com,usertest672,P@ssw0rdforTest
Usertest_673,SurnameTest_673,Usertest_673@loadtest.com,usertest673,P@ssw0rdforTest
Usertest_674,SurnameTest_674,Usertest_674@loadtest.com,usertest674,P@ssw0rdforTest
Usertest_675,SurnameTest_675,Usertest_675@loadtest.com,usertest675,P@ssw0rdforTest
Usertest_676,SurnameTest_676,Usertest_676@loadtest.com,usertest676,P@ssw0rdforTest
Usertest_677,SurnameTest_677,Usertest_677@loadtest.com,usertest677,P@ssw0rdforTest
Usertest_678,SurnameTest_678,Usertest_678@loadtest.com,usertest678,P@ssw0rdforTest
Usertest_679,SurnameTest_679,Usertest_679@loadtest.com,usertest679,P@ssw0rdforTest
Usertest_680,SurnameTest_680,Usertest_680@loadtest.com,usertest680,P@ssw0rdforTest
Usertest_681,SurnameTest_681,Usertest_681@loadtest.com,usertest681,P@ssw0rdforTest
Usertest_682,SurnameTest_682,Usertest_682@loadtest.com,usertest682,P@ssw0rdforTest
Usertest_683,SurnameTest_683,Usertest_683@loadtest.com,usertest683,P@ssw0rdforTest
Usertest_684,SurnameTest_684,Usertest_684@loadtest.com,usertest684,P@ssw0rdforTest
Usertest_685,SurnameTest_685,Usertest_685@loadtest.com,usertest685,P@ssw0rdforTest
Usertest_686,SurnameTest_686,Usertest_686@loadtest.com,usertest686,P@ssw0rdforTest
Usertest_687,SurnameTest_687,Usertest_687@loadtest.com,usertest687,P@ssw0rdforTest
Usertest_688,SurnameTest_688,Usertest_688@loadtest.com,usertest688,P@ssw0rdforTest
Usertest_689,SurnameTest_689,Usertest_689@loadtest.com,usertest689,P@ssw0rdforTest
Usertest_690,SurnameTest_690,Usertest_690@loadtest.com,usertest690,P@ssw0rdforTest
Usertest_691,SurnameTest_691,Usertest_691@loadtest.com,usertest691,P@ssw0rdforTest
Usertest_692,SurnameTest_692,Usertest_692@loadtest.com,usertest692,P@ssw0rdforTest
Usertest_693,SurnameTest_693,Usertest_693@loadtest.com,usertest693,P@ssw0rdforTest
Usertest_694,SurnameTest_694,Usertest_694@loadtest.com,usertest694,P@ssw0rdforTest
Usertest_695,SurnameTest_695,Usertest_695@loadtest.com,usertest695,P@ssw0rdforTest
Usertest_696,SurnameTest_696,Usertest_696@loadtest.com,usertest696,P@ssw0rdforTest
Usertest_697,SurnameTest_697,Usertest_697@loadtest.com,usertest697,P@ssw0rdforTest
Usertest_698,SurnameTest_698,Usertest_698@loadtest.com,usertest698,P@ssw0rdforTest
Usertest_699,SurnameTest_699,Usertest_699@loadtest.com,usertest699,P@ssw0rdforTest
Usertest_700,SurnameTest_700,Usertest_700@loadtest.com,usertest700,P@ssw0rdforTest
Usertest_701,SurnameTest_701,Usertest_701@loadtest.com,usertest701,P@ssw0rdforTest
Usertest_702,SurnameTest_702,Usertest_702@loadtest.com,usertest702,P@ssw0rdforTest
Usertest_703,SurnameTest_703,Usertest_703@loadtest.com,usertest703,P@ssw0rdforTest
Usertest_704,SurnameTest_704,Usertest_704@loadtest.com,usertest704,P@ssw0rdforTest
Usertest_705,SurnameTest_705,Usertest_705@loadtest.com,usertest705,P@ssw0rdforTest
Usertest_706,SurnameTest_706,Usertest_706@loadtest.com,usertest706,P@ssw0rdforTest
Usertest_707,SurnameTest_707,Usertest_707@loadtest.com,usertest707,P@ssw0rdforTest
Usertest_708,SurnameTest_708,Usertest_708@loadtest.com,usertest708,P@ssw0rdforTest
Usertest_709,SurnameTest_709,Usertest_709@loadtest.com,usertest709,P@ssw0rdforTest
Usertest_710,SurnameTest_710,Usertest_710@loadtest.com,usertest710,P@ssw0rdforTest
Usertest_711,SurnameTest_711,Usertest_711@loadtest.com,usertest711,P@ssw0rdforTest
Usertest_712,SurnameTest_712,Usertest_712@loadtest.com,usertest712,P@ssw0rdforTest
Usertest_713,SurnameTest_713,Usertest_713@loadtest.com,usertest713,P@ssw0rdforTest
Usertest_714,SurnameTest_714,Usertest_714@loadtest.com,usertest714,P@ssw0rdforTest
Usertest_715,SurnameTest_715,Usertest_715@loadtest.com,usertest715,P@ssw0rdforTest
Usertest_716,SurnameTest_716,Usertest_716@loadtest.com,usertest716,P@ssw0rdforTest
Usertest_717,SurnameTest_717,Usertest_717@loadtest.com,usertest717,P@ssw0rdforTest
Usertest_718,SurnameTest_718,Usertest_718@loadtest.com,usertest718,P@ssw0rdforTest
Usertest_719,SurnameTest_719,Usertest_719@loadtest.com,usertest719,P@ssw0rdforTest
Usertest_720,SurnameTest_720,Usertest_720@loadtest.com,usertest720,P@ssw0rdforTest
Usertest_721,SurnameTest_721,Usertest_721@loadtest.com,usertest721,P@ssw0rdforTest
Usertest_722,SurnameTest_722,Usertest_722@loadtest.com,usertest722,P@ssw0rdforTest
Usertest_723,SurnameTest_723,Usertest_723@loadtest.com,usertest723,P@ssw0rdforTest
Usertest_724,SurnameTest_724,Usertest_724@loadtest.com,usertest724,P@ssw0rdforTest
Usertest_725,SurnameTest_725,Usertest_725@loadtest.com,usertest725,P@ssw0rdforTest
Usertest_726,SurnameTest_726,Usertest_726@loadtest.com,usertest726,P@ssw0rdforTest
Usertest_727,SurnameTest_727,Usertest_727@loadtest.com,usertest727,P@ssw0rdforTest
Usertest_728,SurnameTest_728,Usertest_728@loadtest.com,usertest728,P@ssw0rdforTest
Usertest_729,SurnameTest_729,Usertest_729@loadtest.com,usertest729,P@ssw0rdforTest
Usertest_730,SurnameTest_730,Usertest_730@loadtest.com,usertest730,P@ssw0rdforTest
Usertest_731,SurnameTest_731,Usertest_731@loadtest.com,usertest731,P@ssw0rdforTest
Usertest_732,SurnameTest_732,Usertest_732@loadtest.com,usertest732,P@ssw0rdforTest
Usertest_733,SurnameTest_733,Usertest_733@loadtest.com,usertest733,P@ssw0rdforTest
Usertest_734,SurnameTest_734,Usertest_734@loadtest.com,usertest734,P@ssw0rdforTest
Usertest_735,SurnameTest_735,Usertest_735@loadtest.com,usertest735,P@ssw0rdforTest
Usertest_736,SurnameTest_736,Usertest_736@loadtest.com,usertest736,P@ssw0rdforTest
Usertest_737,SurnameTest_737,Usertest_737@loadtest.com,usertest737,P@ssw0rdforTest
Usertest_738,SurnameTest_738,Usertest_738@loadtest.com,usertest738,P@ssw0rdforTest
Usertest_739,SurnameTest_739,Usertest_739@loadtest.com,usertest739,P@ssw0rdforTest
Usertest_740,SurnameTest_740,Usertest_740@loadtest.com,usertest740,P@ssw0rdforTest
Usertest_741,SurnameTest_741,Usertest_741@loadtest.com,usertest741,P@ssw0rdforTest
Usertest_742,SurnameTest_742,Usertest_742@loadtest.com,usertest742,P@ssw0rdforTest
Usertest_743,SurnameTest_743,Usertest_743@loadtest.com,usertest743,P@ssw0rdforTest
Usertest_744,SurnameTest_744,Usertest_744@loadtest.com,usertest744,P@ssw0rdforTest
Usertest_745,SurnameTest_745,Usertest_745@loadtest.com,usertest745,P@ssw0rdforTest
Usertest_746,SurnameTest_746,Usertest_746@loadtest.com,usertest746,P@ssw0rdforTest
Usertest_747,SurnameTest_747,Usertest_747@loadtest.com,usertest747,P@ssw0rdforTest
Usertest_748,SurnameTest_748,Usertest_748@loadtest.com,usertest748,P@ssw0rdforTest
Usertest_749,SurnameTest_749,Usertest_749@loadtest.com,usertest749,P@ssw0rdforTest
Usertest_750,SurnameTest_750,Usertest_750@loadtest.com,usertest750,P@ssw0rdforTest
Usertest_751,SurnameTest_751,Usertest_751@loadtest.com,usertest751,P@ssw0rdforTest
Usertest_752,SurnameTest_752,Usertest_752@loadtest.com,usertest752,P@ssw0rdforTest
Usertest_753,SurnameTest_753,Usertest_753@loadtest.com,usertest753,P@ssw0rdforTest
Usertest_754,SurnameTest_754,Usertest_754@loadtest.com,usertest754,P@ssw0rdforTest
Usertest_755,SurnameTest_755,Usertest_755@loadtest.com,usertest755,P@ssw0rdforTest
Usertest_756,SurnameTest_756,Usertest_756@loadtest.com,usertest756,P@ssw0rdforTest
Usertest_757,SurnameTest_757,Usertest_757@loadtest.com,usertest757,P@ssw0rdforTest
Usertest_758,SurnameTest_758,Usertest_758@loadtest.com,usertest758,P@ssw0rdforTest
Usertest_759,SurnameTest_759,Usertest_759@loadtest.com,usertest759,P@ssw0rdforTest
Usertest_760,SurnameTest_760,Usertest_760@loadtest.com,usertest760,P@ssw0rdforTest
Usertest_761,SurnameTest_761,Usertest_761@loadtest.com,usertest761,P@ssw0rdforTest
Usertest_762,SurnameTest_762,Usertest_762@loadtest.com,usertest762,P@ssw0rdforTest
Usertest_763,SurnameTest_763,Usertest_763@loadtest.com,usertest763,P@ssw0rdforTest
Usertest_764,SurnameTest_764,Usertest_764@loadtest.com,usertest764,P@ssw0rdforTest
Usertest_765,SurnameTest_765,Usertest_765@loadtest.com,usertest765,P@ssw0rdforTest
Usertest_766,SurnameTest_766,Usertest_766@loadtest.com,usertest766,P@ssw0rdforTest
Usertest_767,SurnameTest_767,Usertest_767@loadtest.com,usertest767,P@ssw0rdforTest
Usertest_768,SurnameTest_768,Usertest_768@loadtest.com,usertest768,P@ssw0rdforTest
Usertest_769,SurnameTest_769,Usertest_769@loadtest.com,usertest769,P@ssw0rdforTest
Usertest_770,SurnameTest_770,Usertest_770@loadtest.com,usertest770,P@ssw0rdforTest
Usertest_771,SurnameTest_771,Usertest_771@loadtest.com,usertest771,P@ssw0rdforTest
Usertest_772,SurnameTest_772,Usertest_772@loadtest.com,usertest772,P@ssw0rdforTest
Usertest_773,SurnameTest_773,Usertest_773@loadtest.com,usertest773,P@ssw0rdforTest
Usertest_774,SurnameTest_774,Usertest_774@loadtest.com,usertest774,P@ssw0rdforTest
Usertest_775,SurnameTest_775,Usertest_775@loadtest.com,usertest775,P@ssw0rdforTest
Usertest_776,SurnameTest_776,Usertest_776@loadtest.com,usertest776,P@ssw0rdforTest
Usertest_777,SurnameTest_777,Usertest_777@loadtest.com,usertest777,P@ssw0rdforTest
Usertest_778,SurnameTest_778,Usertest_778@loadtest.com,usertest778,P@ssw0rdforTest
Usertest_779,SurnameTest_779,Usertest_779@loadtest.com,usertest779,P@ssw0rdforTest
Usertest_780,SurnameTest_780,Usertest_780@loadtest.com,usertest780,P@ssw0rdforTest
Usertest_781,SurnameTest_781,Usertest_781@loadtest.com,usertest781,P@ssw0rdforTest
Usertest_782,SurnameTest_782,Usertest_782@loadtest.com,usertest782,P@ssw0rdforTest
Usertest_783,SurnameTest_783,Usertest_783@loadtest.com,usertest783,P@ssw0rdforTest
Usertest_784,SurnameTest_784,Usertest_784@loadtest.com,usertest784,P@ssw0rdforTest
Usertest_785,SurnameTest_785,Usertest_785@loadtest.com,usertest785,P@ssw0rdforTest
Usertest_786,SurnameTest_786,Usertest_786@loadtest.com,usertest786,P@ssw0rdforTest
Usertest_787,SurnameTest_787,Usertest_787@loadtest.com,usertest787,P@ssw0rdforTest
Usertest_788,SurnameTest_788,Usertest_788@loadtest.com,usertest788,P@ssw0rdforTest
Usertest_789,SurnameTest_789,Usertest_789@loadtest.com,usertest789,P@ssw0rdforTest
Usertest_790,SurnameTest_790,Usertest_790@loadtest.com,usertest790,P@ssw0rdforTest
Usertest_791,SurnameTest_791,Usertest_791@loadtest.com,usertest791,P@ssw0rdforTest
Usertest_792,SurnameTest_792,Usertest_792@loadtest.com,usertest792,P@ssw0rdforTest
Usertest_793,SurnameTest_793,Usertest_793@loadtest.com,usertest793,P@ssw0rdforTest
Usertest_794,SurnameTest_794,Usertest_794@loadtest.com,usertest794,P@ssw0rdforTest
Usertest_795,SurnameTest_795,Usertest_795@loadtest.com,usertest795,P@ssw0rdforTest
Usertest_796,SurnameTest_796,Usertest_796@loadtest.com,usertest796,P@ssw0rdforTest
Usertest_797,SurnameTest_797,Usertest_797@loadtest.com,usertest797,P@ssw0rdforTest
Usertest_798,SurnameTest_798,Usertest_798@loadtest.com,usertest798,P@ssw0rdforTest
Usertest_799,SurnameTest_799,Usertest_799@loadtest.com,usertest799,P@ssw0rdforTest
Usertest_800,SurnameTest_800,Usertest_800@loadtest.com,usertest800,P@ssw0rdforTest
Usertest_801,SurnameTest_801,Usertest_801@loadtest.com,usertest801,P@ssw0rdforTest
Usertest_802,SurnameTest_802,Usertest_802@loadtest.com,usertest802,P@ssw0rdforTest
Usertest_803,SurnameTest_803,Usertest_803@loadtest.com,usertest803,P@ssw0rdforTest
Usertest_804,SurnameTest_804,Usertest_804@loadtest.com,usertest804,P@ssw0rdforTest
Usertest_805,SurnameTest_805,Usertest_805@loadtest.com,usertest805,P@ssw0rdforTest
Usertest_806,SurnameTest_806,Usertest_806@loadtest.com,usertest806,P@ssw0rdforTest
Usertest_807,SurnameTest_807,Usertest_807@loadtest.com,usertest807,P@ssw0rdforTest
Usertest_808,SurnameTest_808,Usertest_808@loadtest.com,usertest808,P@ssw0rdforTest
Usertest_809,SurnameTest_809,Usertest_809@loadtest.com,usertest809,P@ssw0rdforTest
Usertest_810,SurnameTest_810,Usertest_810@loadtest.com,usertest810,P@ssw0rdforTest
Usertest_811,SurnameTest_811,Usertest_811@loadtest.com,usertest811,P@ssw0rdforTest
Usertest_812,SurnameTest_812,Usertest_812@loadtest.com,usertest812,P@ssw0rdforTest
Usertest_813,SurnameTest_813,Usertest_813@loadtest.com,usertest813,P@ssw0rdforTest
Usertest_814,SurnameTest_814,Usertest_814@loadtest.com,usertest814,P@ssw0rdforTest
Usertest_815,SurnameTest_815,Usertest_815@loadtest.com,usertest815,P@ssw0rdforTest
Usertest_816,SurnameTest_816,Usertest_816@loadtest.com,usertest816,P@ssw0rdforTest
Usertest_817,SurnameTest_817,Usertest_817@loadtest.com,usertest817,P@ssw0rdforTest
Usertest_818,SurnameTest_818,Usertest_818@loadtest.com,usertest818,P@ssw0rdforTest
Usertest_819,SurnameTest_819,Usertest_819@loadtest.com,usertest819,P@ssw0rdforTest
Usertest_820,SurnameTest_820,Usertest_820@loadtest.com,usertest820,P@ssw0rdforTest
Usertest_821,SurnameTest_821,Usertest_821@loadtest.com,usertest821,P@ssw0rdforTest
Usertest_822,SurnameTest_822,Usertest_822@loadtest.com,usertest822,P@ssw0rdforTest
Usertest_823,SurnameTest_823,Usertest_823@loadtest.com,usertest823,P@ssw0rdforTest
Usertest_824,SurnameTest_824,Usertest_824@loadtest.com,usertest824,P@ssw0rdforTest
Usertest_825,SurnameTest_825,Usertest_825@loadtest.com,usertest825,P@ssw0rdforTest
Usertest_826,SurnameTest_826,Usertest_826@loadtest.com,usertest826,P@ssw0rdforTest
Usertest_827,SurnameTest_827,Usertest_827@loadtest.com,usertest827,P@ssw0rdforTest
Usertest_828,SurnameTest_828,Usertest_828@loadtest.com,usertest828,P@ssw0rdforTest
Usertest_829,SurnameTest_829,Usertest_829@loadtest.com,usertest829,P@ssw0rdforTest
Usertest_830,SurnameTest_830,Usertest_830@loadtest.com,usertest830,P@ssw0rdforTest
Usertest_831,SurnameTest_831,Usertest_831@loadtest.com,usertest831,P@ssw0rdforTest
Usertest_832,SurnameTest_832,Usertest_832@loadtest.com,usertest832,P@ssw0rdforTest
Usertest_833,SurnameTest_833,Usertest_833@loadtest.com,usertest833,P@ssw0rdforTest
Usertest_834,SurnameTest_834,Usertest_834@loadtest.com,usertest834,P@ssw0rdforTest
Usertest_835,SurnameTest_835,Usertest_835@loadtest.com,usertest835,P@ssw0rdforTest
Usertest_836,SurnameTest_836,Usertest_836@loadtest.com,usertest836,P@ssw0rdforTest
Usertest_837,SurnameTest_837,Usertest_837@loadtest.com,usertest837,P@ssw0rdforTest
Usertest_838,SurnameTest_838,Usertest_838@loadtest.com,usertest838,P@ssw0rdforTest
Usertest_839,SurnameTest_839,Usertest_839@loadtest.com,usertest839,P@ssw0rdforTest
Usertest_840,SurnameTest_840,Usertest_840@loadtest.com,usertest840,P@ssw0rdforTest
Usertest_841,SurnameTest_841,Usertest_841@loadtest.com,usertest841,P@ssw0rdforTest
Usertest_842,SurnameTest_842,Usertest_842@loadtest.com,usertest842,P@ssw0rdforTest
Usertest_843,SurnameTest_843,Usertest_843@loadtest.com,usertest843,P@ssw0rdforTest
Usertest_844,SurnameTest_844,Usertest_844@loadtest.com,usertest844,P@ssw0rdforTest
Usertest_845,SurnameTest_845,Usertest_845@loadtest.com,usertest845,P@ssw0rdforTest
Usertest_846,SurnameTest_846,Usertest_846@loadtest.com,usertest846,P@ssw0rdforTest
Usertest_847,SurnameTest_847,Usertest_847@loadtest.com,usertest847,P@ssw0rdforTest
Usertest_848,SurnameTest_848,Usertest_848@loadtest.com,usertest848,P@ssw0rdforTest
Usertest_849,SurnameTest_849,Usertest_849@loadtest.com,usertest849,P@ssw0rdforTest
Usertest_850,SurnameTest_850,Usertest_850@loadtest.com,usertest850,P@ssw0rdforTest
Usertest_851,SurnameTest_851,Usertest_851@loadtest.com,usertest851,P@ssw0rdforTest
Usertest_852,SurnameTest_852,Usertest_852@loadtest.com,usertest852,P@ssw0rdforTest
Usertest_853,SurnameTest_853,Usertest_853@loadtest.com,usertest853,P@ssw0rdforTest
Usertest_854,SurnameTest_854,Usertest_854@loadtest.com,usertest854,P@ssw0rdforTest
Usertest_855,SurnameTest_855,Usertest_855@loadtest.com,usertest855,P@ssw0rdforTest
Usertest_856,SurnameTest_856,Usertest_856@loadtest.com,usertest856,P@ssw0rdforTest
Usertest_857,SurnameTest_857,Usertest_857@loadtest.com,usertest857,P@ssw0rdforTest
Usertest_858,SurnameTest_858,Usertest_858@loadtest.com,usertest858,P@ssw0rdforTest
Usertest_859,SurnameTest_859,Usertest_859@loadtest.com,usertest859,P@ssw0rdforTest
Usertest_860,SurnameTest_860,Usertest_860@loadtest.com,usertest860,P@ssw0rdforTest
Usertest_861,SurnameTest_861,Usertest_861@loadtest.com,usertest861,P@ssw0rdforTest
Usertest_862,SurnameTest_862,Usertest_862@loadtest.com,usertest862,P@ssw0rdforTest
Usertest_863,SurnameTest_863,Usertest_863@loadtest.com,usertest863,P@ssw0rdforTest
Usertest_864,SurnameTest_864,Usertest_864@loadtest.com,usertest864,P@ssw0rdforTest
Usertest_865,SurnameTest_865,Usertest_865@loadtest.com,usertest865,P@ssw0rdforTest
Usertest_866,SurnameTest_866,Usertest_866@loadtest.com,usertest866,P@ssw0rdforTest
Usertest_867,SurnameTest_867,Usertest_867@loadtest.com,usertest867,P@ssw0rdforTest
Usertest_868,SurnameTest_868,Usertest_868@loadtest.com,usertest868,P@ssw0rdforTest
Usertest_869,SurnameTest_869,Usertest_869@loadtest.com,usertest869,P@ssw0rdforTest
Usertest_870,SurnameTest_870,Usertest_870@loadtest.com,usertest870,P@ssw0rdforTest
Usertest_871,SurnameTest_871,Usertest_871@loadtest.com,usertest871,P@ssw0rdforTest
Usertest_872,SurnameTest_872,Usertest_872@loadtest.com,usertest872,P@ssw0rdforTest
Usertest_873,SurnameTest_873,Usertest_873@loadtest.com,usertest873,P@ssw0rdforTest
Usertest_874,SurnameTest_874,Usertest_874@loadtest.com,usertest874,P@ssw0rdforTest
Usertest_875,SurnameTest_875,Usertest_875@loadtest.com,usertest875,P@ssw0rdforTest
Usertest_876,SurnameTest_876,Usertest_876@loadtest.com,usertest876,P@ssw0rdforTest
Usertest_877,SurnameTest_877,Usertest_877@loadtest.com,usertest877,P@ssw0rdforTest
Usertest_878,SurnameTest_878,Usertest_878@loadtest.com,usertest878,P@ssw0rdforTest
Usertest_879,SurnameTest_879,Usertest_879@loadtest.com,usertest879,P@ssw0rdforTest
Usertest_880,SurnameTest_880,Usertest_880@loadtest.com,usertest880,P@ssw0rdforTest
Usertest_881,SurnameTest_881,Usertest_881@loadtest.com,usertest881,P@ssw0rdforTest
Usertest_882,SurnameTest_882,Usertest_882@loadtest.com,usertest882,P@ssw0rdforTest
Usertest_883,SurnameTest_883,Usertest_883@loadtest.com,usertest883,P@ssw0rdforTest
Usertest_884,SurnameTest_884,Usertest_884@loadtest.com,usertest884,P@ssw0rdforTest
Usertest_885,SurnameTest_885,Usertest_885@loadtest.com,usertest885,P@ssw0rdforTest
Usertest_886,SurnameTest_886,Usertest_886@loadtest.com,usertest886,P@ssw0rdforTest
Usertest_887,SurnameTest_887,Usertest_887@loadtest.com,usertest887,P@ssw0rdforTest
Usertest_888,SurnameTest_888,Usertest_888@loadtest.com,usertest888,P@ssw0rdforTest
Usertest_889,SurnameTest_889,Usertest_889@loadtest.com,usertest889,P@ssw0rdforTest
Usertest_890,SurnameTest_890,Usertest_890@loadtest.com,usertest890,P@ssw0rdforTest
Usertest_891,SurnameTest_891,Usertest_891@loadtest.com,usertest891,P@ssw0rdforTest
Usertest_892,SurnameTest_892,Usertest_892@loadtest.com,usertest892,P@ssw0rdforTest
Usertest_893,SurnameTest_893,Usertest_893@loadtest.com,usertest893,P@ssw0rdforTest
Usertest_894,SurnameTest_894,Usertest_894@loadtest.com,usertest894,P@ssw0rdforTest
Usertest_895,SurnameTest_895,Usertest_895@loadtest.com,usertest895,P@ssw0rdforTest
Usertest_896,SurnameTest_896,Usertest_896@loadtest.com,usertest896,P@ssw0rdforTest
Usertest_897,SurnameTest_897,Usertest_897@loadtest.com,usertest897,P@ssw0rdforTest
Usertest_898,SurnameTest_898,Usertest_898@loadtest.com,usertest898,P@ssw0rdforTest
Usertest_899,SurnameTest_899,Usertest_899@loadtest.com,usertest899,P@ssw0rdforTest
Usertest_900,SurnameTest_900,Usertest_900@loadtest.com,usertest900,P@ssw0rdforTest
Usertest_901,SurnameTest_901,Usertest_901@loadtest.com,usertest901,P@ssw0rdforTest
Usertest_902,SurnameTest_902,Usertest_902@loadtest.com,usertest902,P@ssw0rdforTest
Usertest_903,SurnameTest_903,Usertest_903@loadtest.com,usertest903,P@ssw0rdforTest
Usertest_904,SurnameTest_904,Usertest_904@loadtest.com,usertest904,P@ssw0rdforTest
Usertest_905,SurnameTest_905,Usertest_905@loadtest.com,usertest905,P@ssw0rdforTest
Usertest_906,SurnameTest_906,Usertest_906@loadtest.com,usertest906,P@ssw0rdforTest
Usertest_907,SurnameTest_907,Usertest_907@loadtest.com,usertest907,P@ssw0rdforTest
Usertest_908,SurnameTest_908,Usertest_908@loadtest.com,usertest908,P@ssw0rdforTest
Usertest_909,SurnameTest_909,Usertest_909@loadtest.com,usertest909,P@ssw0rdforTest
Usertest_910,SurnameTest_910,Usertest_910@loadtest.com,usertest910,P@ssw0rdforTest
Usertest_911,SurnameTest_911,Usertest_911@loadtest.com,usertest911,P@ssw0rdforTest
Usertest_912,SurnameTest_912,Usertest_912@loadtest.com,usertest912,P@ssw0rdforTest
Usertest_913,SurnameTest_913,Usertest_913@loadtest.com,usertest913,P@ssw0rdforTest
Usertest_914,SurnameTest_914,Usertest_914@loadtest.com,usertest914,P@ssw0rdforTest
Usertest_915,SurnameTest_915,Usertest_915@loadtest.com,usertest915,P@ssw0rdforTest
Usertest_916,SurnameTest_916,Usertest_916@loadtest.com,usertest916,P@ssw0rdforTest
Usertest_917,SurnameTest_917,Usertest_917@loadtest.com,usertest917,P@ssw0rdforTest
Usertest_918,SurnameTest_918,Usertest_918@loadtest.com,usertest918,P@ssw0rdforTest
Usertest_919,SurnameTest_919,Usertest_919@loadtest.com,usertest919,P@ssw0rdforTest
Usertest_920,SurnameTest_920,Usertest_920@loadtest.com,usertest920,P@ssw0rdforTest
Usertest_921,SurnameTest_921,Usertest_921@loadtest.com,usertest921,P@ssw0rdforTest
Usertest_922,SurnameTest_922,Usertest_922@loadtest.com,usertest922,P@ssw0rdforTest
Usertest_923,SurnameTest_923,Usertest_923@loadtest.com,usertest923,P@ssw0rdforTest
Usertest_924,SurnameTest_924,Usertest_924@loadtest.com,usertest924,P@ssw0rdforTest
Usertest_925,SurnameTest_925,Usertest_925@loadtest.com,usertest925,P@ssw0rdforTest
Usertest_926,SurnameTest_926,Usertest_926@loadtest.com,usertest926,P@ssw0rdforTest
Usertest_927,SurnameTest_927,Usertest_927@loadtest.com,usertest927,P@ssw0rdforTest
Usertest_928,SurnameTest_928,Usertest_928@loadtest.com,usertest928,P@ssw0rdforTest
Usertest_929,SurnameTest_929,Usertest_929@loadtest.com,usertest929,P@ssw0rdforTest
Usertest_930,SurnameTest_930,Usertest_930@loadtest.com,usertest930,P@ssw0rdforTest
Usertest_931,SurnameTest_931,Usertest_931@loadtest.com,usertest931,P@ssw0rdforTest
Usertest_932,SurnameTest_932,Usertest_932@loadtest.com,usertest932,P@ssw0rdforTest
Usertest_933,SurnameTest_933,Usertest_933@loadtest.com,usertest933,P@ssw0rdforTest
Usertest_934,SurnameTest_934,Usertest_934@loadtest.com,usertest934,P@ssw0rdforTest
Usertest_935,SurnameTest_935,Usertest_935@loadtest.com,usertest935,P@ssw0rdforTest
Usertest_936,SurnameTest_936,Usertest_936@loadtest.com,usertest936,P@ssw0rdforTest
Usertest_937,SurnameTest_937,Usertest_937@loadtest.com,usertest937,P@ssw0rdforTest
Usertest_938,SurnameTest_938,Usertest_938@loadtest.com,usertest938,P@ssw0rdforTest
Usertest_939,SurnameTest_939,Usertest_939@loadtest.com,usertest939,P@ssw0rdforTest
Usertest_940,SurnameTest_940,Usertest_940@loadtest.com,usertest940,P@ssw0rdforTest
Usertest_941,SurnameTest_941,Usertest_941@loadtest.com,usertest941,P@ssw0rdforTest
Usertest_942,SurnameTest_942,Usertest_942@loadtest.com,usertest942,P@ssw0rdforTest
Usertest_943,SurnameTest_943,Usertest_943@loadtest.com,usertest943,P@ssw0rdforTest
Usertest_944,SurnameTest_944,Usertest_944@loadtest.com,usertest944,P@ssw0rdforTest
Usertest_945,SurnameTest_945,Usertest_945@loadtest.com,usertest945,P@ssw0rdforTest
Usertest_946,SurnameTest_946,Usertest_946@loadtest.com,usertest946,P@ssw0rdforTest
Usertest_947,SurnameTest_947,Usertest_947@loadtest.com,usertest947,P@ssw0rdforTest
Usertest_948,SurnameTest_948,Usertest_948@loadtest.com,usertest948,P@ssw0rdforTest
Usertest_949,SurnameTest_949,Usertest_949@loadtest.com,usertest949,P@ssw0rdforTest
Usertest_950,SurnameTest_950,Usertest_950@loadtest.com,usertest950,P@ssw0rdforTest
Usertest_951,SurnameTest_951,Usertest_951@loadtest.com,usertest951,P@ssw0rdforTest
Usertest_952,SurnameTest_952,Usertest_952@loadtest.com,usertest952,P@ssw0rdforTest
Usertest_953,SurnameTest_953,Usertest_953@loadtest.com,usertest953,P@ssw0rdforTest
Usertest_954,SurnameTest_954,Usertest_954@loadtest.com,usertest954,P@ssw0rdforTest
Usertest_955,SurnameTest_955,Usertest_955@loadtest.com,usertest955,P@ssw0rdforTest
Usertest_956,SurnameTest_956,Usertest_956@loadtest.com,usertest956,P@ssw0rdforTest
Usertest_957,SurnameTest_957,Usertest_957@loadtest.com,usertest957,P@ssw0rdforTest
Usertest_958,SurnameTest_958,Usertest_958@loadtest.com,usertest958,P@ssw0rdforTest
Usertest_959,SurnameTest_959,Usertest_959@loadtest.com,usertest959,P@ssw0rdforTest
Usertest_960,SurnameTest_960,Usertest_960@loadtest.com,usertest960,P@ssw0rdforTest
Usertest_961,SurnameTest_961,Usertest_961@loadtest.com,usertest961,P@ssw0rdforTest
Usertest_962,SurnameTest_962,Usertest_962@loadtest.com,usertest962,P@ssw0rdforTest
Usertest_963,SurnameTest_963,Usertest_963@loadtest.com,usertest963,P@ssw0rdforTest
Usertest_964,SurnameTest_964,Usertest_964@loadtest.com,usertest964,P@ssw0rdforTest
Usertest_965,SurnameTest_965,Usertest_965@loadtest.com,usertest965,P@ssw0rdforTest
Usertest_966,SurnameTest_966,Usertest_966@loadtest.com,usertest966,P@ssw0rdforTest
Usertest_967,SurnameTest_967,Usertest_967@loadtest.com,usertest967,P@ssw0rdforTest
Usertest_968,SurnameTest_968,Usertest_968@loadtest.com,usertest968,P@ssw0rdforTest
Usertest_969,SurnameTest_969,Usertest_969@loadtest.com,usertest969,P@ssw0rdforTest
Usertest_970,SurnameTest_970,Usertest_970@loadtest.com,usertest970,P@ssw0rdforTest
Usertest_971,SurnameTest_971,Usertest_971@loadtest.com,usertest971,P@ssw0rdforTest
Usertest_972,SurnameTest_972,Usertest_972@loadtest.com,usertest972,P@ssw0rdforTest
Usertest_973,SurnameTest_973,Usertest_973@loadtest.com,usertest973,P@ssw0rdforTest
Usertest_974,SurnameTest_974,Usertest_974@loadtest.com,usertest974,P@ssw0rdforTest
Usertest_975,SurnameTest_975,Usertest_975@loadtest.com,usertest975,P@ssw0rdforTest
Usertest_976,SurnameTest_976,Usertest_976@loadtest.com,usertest976,P@ssw0rdforTest
Usertest_977,SurnameTest_977,Usertest_977@loadtest.com,usertest977,P@ssw0rdforTest
Usertest_978,SurnameTest_978,Usertest_978@loadtest.com,usertest978,P@ssw0rdforTest
Usertest_979,SurnameTest_979,Usertest_979@loadtest.com,usertest979,P@ssw0rdforTest
Usertest_980,SurnameTest_980,Usertest_980@loadtest.com,usertest980,P@ssw0rdforTest
Usertest_981,SurnameTest_981,Usertest_981@loadtest.com,usertest981,P@ssw0rdforTest
Usertest_982,SurnameTest_982,Usertest_982@loadtest.com,usertest982,P@ssw0rdforTest
Usertest_983,SurnameTest_983,Usertest_983@loadtest.com,usertest983,P@ssw0rdforTest
Usertest_984,SurnameTest_984,Usertest_984@loadtest.com,usertest984,P@ssw0rdforTest
Usertest_985,SurnameTest_985,Usertest_985@loadtest.com,usertest985,P@ssw0rdforTest
Usertest_986,SurnameTest_986,Usertest_986@loadtest.com,usertest986,P@ssw0rdforTest
Usertest_987,SurnameTest_987,Usertest_987@loadtest.com,usertest987,P@ssw0rdforTest
Usertest_988,SurnameTest_988,Usertest_988@loadtest.com,usertest988,P@ssw0rdforTest
Usertest_989,SurnameTest_989,Usertest_989@loadtest.com,usertest989,P@ssw0rdforTest
Usertest_990,SurnameTest_990,Usertest_990@loadtest.com,usertest990,P@ssw0rdforTest
Usertest_991,SurnameTest_991,Usertest_991@loadtest.com,usertest991,P@ssw0rdforTest
Usertest_992,SurnameTest_992,Usertest_992@loadtest.com,usertest992,P@ssw0rdforTest
Usertest_993,SurnameTest_993,Usertest_993@loadtest.com,usertest993,P@ssw0rdforTest
Usertest_994,SurnameTest_994,Usertest_994@loadtest.com,usertest994,P@ssw0rdforTest
Usertest_995,SurnameTest_995,Usertest_995@loadtest.com,usertest995,P@ssw0rdforTest
Usertest_996,SurnameTest_996,Usertest_996@loadtest.com,usertest996,P@ssw0rdforTest
Usertest_997,SurnameTest_997,Usertest_997@loadtest.com,usertest997,P@ssw0rdforTest
Usertest_998,SurnameTest_998,Usertest_998@loadtest.com,usertest998,P@ssw0rdforTest
Usertest_999,SurnameTest_999,Usertest_999@loadtest.com,usertest999,P@ssw0rdforTest
Usertest_1000,SurnameTest_1000,Usertest_1000@loadtest.com,usertest1000,P@ssw0rdforTest
